Item;Domanda;A;B;C;D;E;OK
481;"Riguardo alla fenilchetonuria tutte le seguenti affermazioni sono vere ad eccezione di:
L'ALLUNGAMENTO E L'ACCORCIAMENTO DEI MICROVILLI SULLA SUPERFICIE DELLE CELLULE CHE NE SONO PROVVISTI E' DOVUTO A:";"il ritardo mentale è la complicazione più seria
RAPIDI FLUSSI DI MATRICE:CITOPLASMATICA";"la frequenza è di un neonato affetto ogni 100.000
TRANSIZIONE GEL/SOL LOCALIZZATA ALLA PERIFERIA DELLA CELLULA";"è trasmessa da un gene autosomico recessivo
POLIMERIZZAZIONE / DEPOLIMERIZZAZIONE DI ACTINA '";"i soggetti affetti appaiono normali alla nascita
FORMAZIONE / SCISSIONE DEL LEGAME MICROVILLINA- TUBULINA";"la quantità di acido fenilpiruvico escreto nelle urine varia in rapporto alla  quantità
SCISSIONE DI ATP OPERATA DALLA DINEINA";"B
C"
482;;;;;;;
483;L' NSE E' UN ENZIMA GLICOLITICO I CUI LIVELLI SIERICI AUMENTANO SOPRATTUTTO:;NELL’ADENOCARCINOMA DEL COLON;NEL NEUROBLASTOMA;NEL PAPILLOMA VESCICALE;NEL CARCINOMA DEL TESTICOLO AD ELEMENTI DERIVANTI DAL SACCO VITELLINO;NEL CANCRO DELLO STOMACO;B
484;"La globina della normale emoglobina
dell’adulto è composta da:";una catena alfa ed una beta;due catene alfa e due beta;due catene alfa ed una beta;"due catene alfa e due
gamma";"una catena alfa e due
gamma";B
485;COMPLICANZA DELL'ANEMIA PERNICIOSA E’:;"L'IPERTROFIA DELLE PLICHE DELLA  MUCOSA
GASTRICA";IL CARCINOMA GASTRICO;"LA GASTRITE IPERSECRETIVA
IPERCLORIDICA";L'ULCERA GASTRICA;L'ULCERA DUODENALE;B
486;"Uno studio del cariotipo è indicato in tutte le
seguenti condizioni, ad eccezione di:";sindrome di Down;ritardo mentale;bassa statura nelle bambine;psicosi;genitali ambigui;D
487;"NELLE ANEMIE EMOLITICHE ACQUISITE
DA ANTICORPI CALDI INCOMPLETI, QUE STI:";SONO DELLE JGG 7(S);HANNO POTERE AGGLUTINANTE COMPLETO;ESPLICANO MASSIMA ATTIVITA' A 30- 32 GRADI C;HANNO SPECIFICITA' ANTI-I;HANNO SPECIFICITA ANTI-I;A
488;"Tutte le seguenti affermazioni che riguardano
la sindrome di Klinefelter sono vere ad eccezione di:";il cariotipo è XXY;l’aspetto dei pazienti è eunucoide;la peluria pubica e del volto è scarsa;è presente ginecomastia;"è presente un micropene dai
primi anni di vita";E
489;IL GLUCOSIO PUO’ ATTRAVERSARE LIBERAMHNTB LA MEMBRANA CELLULARE, CIOE' SENZA L'INTERVENTO DELL'INSULINA, A LIVELLO:;DELL'EPATOCITA;DEL TESSUTO MUSCOLARE;DEL TESSUTO ADIPOSO;DI TUTTI QUESTI TESSUTI;DI NESSUNO DI QUESTI TESSUTI;A
490;"La glicuronil-trasferasi è un enzima importante
nella:";"captazione della bilirubina nella
cellula epatica";coniugazione della bilirubina;demolizione dell’Hb;"formazione dell’acido delta
amino levulinico";"escrezione della
bilirubina";B
491;"UNA MOLECOLA DI IGM PUO’ LEGARE
FINO A:";"20 MOLECOLE DI
COMPLEMENTO";"50 MOLECOLE DI
COMPLEMENTO";"100 MOLECOLE DI
COMPLEMENTO";"150 MOLECOLE DI
COMPLEMENTO";"250 MOLECOLE DI
COMPLEMENTO";E
492;Quale delle seguenti affermazioni riguardanti l’incompatibilità Rh è vera?;un aborto spontaneo frequentemente determina la sensibilizzazione della   madre nei confronti dell’antigene D;"l’eritroblastosi fetale dei
neonati non è in relazione al loro ordine di nascita";se la madre ed il figlio sono incompatibili oltre che per il fattore Rh anche per   i fattori ABO, la forma morbosa è raramente grave;l’exsanguino- trasfusione è il metodo migliore per prevenire la malattia del neonato;"l’antigene principale del
sistema antigenico Rh, capace di stimolare le difese immunitarie";A
493;"QUALE DI QUESTI SINTOMI E' SEMPRE PRESENTE NELLA LEUCEMIA MIELOIDE
CRONICA?";SPLENOMEGALIA;DOLENZIA STERNALE ALLA PRESSIONE;FEBBRE;EPATOMEGALIA;PRIAPISMO;A
494;"Quale delle seguenti è una caratteristica
dell’ipotiroidismo?";nefrocalcinosi;glicosuria;ipercolesterolemia;esoftalmo;"osteoporosi della
colonna";C
495;"LA NEFROPATIA GRAVIDICA, O GESTOSI,
E' CARATTERIZZATA DA:";ASSENZA DI EDEMI;IPERTENSIONE ARTERIOSA;IPOURICEMIA;"FONDO OCULARE
NORMALE";"EMATURIA SENZA
PROTEINURIA";B
Item;Domanda;A;B;C;D;E;OK
496;"La rosolia predispone ad una maggiore frequenza di difetti congeniti quando l’infezione è contratta:
La causa più comune di meningite batterica acuta nell’adulto è:";"in qualsiasi periodo della gravidanza
il pneumococco";"dopo la nascita
lo streptococco";"nel primo trimestre della gravidanza
l’H. influenzae";"nel secondo trimestre della gravidanza
il meningococco";"nel terzo trimestre della gravidanza
nessuno dei suddetti";"C
D"
497;;;;;;;
498;IL PROGESTERONE, IL PIU' ATTIVO DEGLI ORMONI CON AZIONE PROGESTATIVA, HA TUTTI QUESTI EFFETTI BIOLOGICI AD ESCLUSIONE DI UNO. QUALE?;TRASFORMAZIONE SECRETIVA DELL’ENDOMETRIO;STIMOLAZIONE DELLA MOTILITA' UTERINA;INIBIZIONE DELLA SECREZIONE CERVICALE IN FASE FOLLICOLINICA;AZIONE IPERTERMIZZANTE;INDUCE PROLIFERAZIONE DEGLI ACINI MAMMARI;B
"499
500";IL METABOLISMO GLUCIDICO NELL'INSUFFICIENZA CRONICA SURRENALICA E' CARATTERIZZATO DA:;CURVA GLICEMICA DA CARICO ORALE DI GLUCOSIO DI TIPO DIABETICO;CURVA GLICEMICA DA CARICO ENDOVENOSO DI GLUCOSIO NORMALE MA SENZA IPOGLICEMIA TERMINALE;RISERVE DI GLICOGENO AUMENTATE;GLICOSURIA POST-PRANDIALE;SPICCATA SENSIBILITA' ALL'INSULINA;E
;L’herpes zoster:;è provocato dallo stesso virus che da’ luogo alla varicella;colpisce soprattutto i bambini;classicamente non è doloroso;è tipicamente associato a debolezza muscolare;"è caratterizzato da una localizzazione del virus
a livello delle radici";A
501;"Dopo quanti giorni dalla fecondazione avviene
l’impianto della blastocisti:";1-2;3-5;6-8;9-10;12-14;C
502;"LA BIOSINTESI DELLE CATECOLAMINE HA
INIZIO DA QUESTO ELEMENTO:";FOSFOLIFIDI;TIROSINA;COLESTEROLO;SQUAIENE;PROGESTERONE;B
503;NEL LINFOMA DI HODGKIN SI RILEVA:;ELEVATA POSITIVITA' DELLA REAZIONE CUTANEA ALL'ANTIGENE PAROTITICO RISPETTO AI CONTROLLI;COMPROMISSIONE DELL'IMMUNITA' DI TIPO UMORALE;COMPROMISSIONE DELL'IMMUNITA' DI TIPO CELLULARE;AUMENTATA REATTIVITA' CUTANEA DI TIPO RITARDATO AD ANTIGENI DIVERSI;REATTIVITA' CUTANEA AD ANTIGENI DIVERSI TANTO MAGGIORE QUANTO PIU';C
504;"La fecondazione dell’uovo da parte dello
spermatozoo di solito avviene:";sulla superficie dell’ovaio;nelle fimbrie;alla giunzione utero-tubarica;"nel terzo prossimale della
tuba";"nei due/terzi distali
della tuba";E
505;La causa più frequente di aborto spontaneo è:;anomalie cromosomiche;trauma;incompatibilità Rh;insufficienza progestinica;infezioni materne;A
506;"QUALE PARTE DEL CORTICOSURRENE E'
STIMOLATA DALL'ANGIOTENSINA II?";ZONA RETICOLARE;ZONA FASCICOLATA;"ZONA GLOMERULARE
CORTICALE";TUTTE QUESTE ZONE;"NESSUNA DI
QUESTE ZONE";C
507;Quale delle seguenti sostanze viene coinvolte nella produzione del progesterone:;ormone della crescita;colesterolo;tiroxina;insulina;estrogeni;B
508;LA CARENZA DI II-BETA-IDROSSILASI A LIVELLO CORTZCOSURRENALICO PROVOCA INSUFFICIENTE FORMAZIONE DI:;PROGE'STERONE;CORTISOLO;DESOSSICORTISOLO;DESOSSICORTICOSTERO NE;PREGNENOLONE;B
509;"CALCEMIA E FOSFOREMIA DIMINUITE E
FOSFATASI ALCALINA AUMENTATA 8I RILEVANO ABITUALMENTE IN CORSO DI:";OSTEOMALACIA;OSTEOPOROSI;M. DI PAGET;TUTTE QUESTE ALTERAZIONI OSSEE;"NESSUNA DI
QUESTE ALTERAZIONI OSSEE";A
510;Il gonadotropin-releasing hormone (GnRH) è:;una glicoproteina;un polipeptide;uno steroide;una prostaglandina;"nessuna delle
precedenti";B
511;L'ECHINOCOCCO E':;UNA TENIA;UN TRIPANOSOMA;UN TRICHOMONAS;UN PLASMODIO;UNA LEISHMANIA;A
Item;Domanda;A;B;C;D;E;OK
512;"Nel testicolo dell’uomo l’FSH agisce principalmente su:
Quale tra questi sono valori fisiologici del picco preovulatorio del 17< estradiolo nella donna?";cellule di Leydig 10-50 pg/ml;spermatogoni 50-100 pg/ml;cellule interstiziali 100-200 pg/ml;cellule della teca 250-400 pg/ml;cellule di Sertoli 500-800 pg/ml;"E
D"
513;;;;;;;
"514
515";L'ANTIGENE AUSTRALIA (ANTIGENE AU) VIENE OGGI IDENTIFICATO CON L'ANTIGENE:;HBE AG;HBC AG;HES AG;HLA;DUZO;C
;L'INSORGENZA DI FEBBRE CON MANIFESTAZIONI DI HERPES LABIALIS E' RARA IN TUTTE QUESTE AFFEZIONI MORBOSE AD ESCLUSIONE DI UNA, NELLA QUALE E' FREQUENTE. QUAL E' QUESTA AFFEZIONE?;POLMONITE DA PNEUMOCOCCO;TUBERCOLOSI POLMONARE;BRUCELLOSI;TIFO ADDOMINALE;POLMONITE DA MYCOPLASMA;A
"516
517";Il cariotipo della sindrome di Turner è:;46 XY;45 XO;47 XYY;46YY;47XXY;B
;NELLA POLMONITE DA MYCOPLASMA PNEUMONIAE SI RILEVA:;OPACITA' RADIOLOGICA POLMONARE DISOMOGENEA E SFUMATA;DIMINUZIONE COSTANTE DELLE EMOAGGLUTININE DA FREDDO;LEUCOCITOSI;LINFOPENIA RELATIVA ED ASSOLUTA;VES NORMALE;A
518;La fase luteale dura normalmente:;da 8 a 10 giorni;meno di 8 giorni;da 13 a 15 giorni;più di 15 giorni;"varia a seconda della
lunghezza della fase follicolare";C
519;"ULCERE INTESTINALI A «BOTTONE DI
CAMICIA» SI RILEVANO IN CORSO DI:";FEBBRE TIFOIDE;AMEBIASI;COLERA;COLITE ULCEROSA;"NESSUNA DI
QUESTE";B
520;La deiscenza del follicolo avviene:;"tra il picco estrogenico e quello
di LH";subito dopo il picco dell’LH;è indipendente dai due picchi;"prima del picco degli
estrogeni";"dalle 30 alle 40 ore
dopo il";E
521;"NELL'IPOTIROIDISMO IPOFISARIO E' DI NOTEVOLE IMPORTANZA DIAGNOSTICA IL
REPERTO DI:";CARDIOMEGALIA;MACROGLOSSIA;GOZZO;IPERTRICOSI;"ASSENZA DI TSHEMIA AL
TEST DI";E
522;"Un incremento della concentrazione ematica di alfafetoproteina in gravidanza può essere
suggestiva la presenza di:";diabete;anomalia cromosomica fetale;difetto del tubo neurale;gestosi;nessuna delle precedenti;C
523;"LA SOGLIA RENALE PER IL GLUCOSIO E' DI NORMA PER LA GLICEMIA, UN TASSO
EMATICO DI:";MG 170-180%;MG 140-150%;MG 130-I40%;MG 125-130%;MG 115-125%;A
524;Con il termine fenotipo si intende:;un’alterazione dello sviluppo embrionale;un fenomeno della riproduzione umana;la costituzione genetica di un organismo;"la risultanza dell’interazione tra
la costituzione genetica di un organismo e   l’ambiente in cui questo si sviluppa";un insieme di malattie genetiche;D
525;In una coppia di genitori, il padre è affetto da emofilia. Il rischio di generare figli affetti è:;25%;50%;50% dei figli maschi;100% dei figli maschi;nessuno dei precedenti;E
Item;Domanda;A;B;C;D;E;OK
526;"I VALORI NORMALI DELLA FOSFATASI ACIDA PROSTATICA SIERICA DOSATA CON METODO RADIO/IMMUNOIAGICO SONO COMPRESI TRA:
NELLA LEISHMANIOSI VISCERALE IL QUADRO CLINICO E' CARATTERIZZATO DA:";"0,8-7 NG/ML
IPERGLOBULIA";"4-10 NG/ML
SPLENOMEGALIA";"15-25 NG/ML
LEUCOCITOSI NEUTROFILA";"0,4-4 NG/ML
PIASTRINOSI";"0,5-8 NG/ML
TUTTI QUESTI SINTOMI";"D
B"
527;;;;;;;
528;Una delle seguenti affermazioni sul tetano non è esatta:;è sostenuto da un bacillo, il clostridium tetani;generalmente il bacillo penetra nell’organismo attraverso una soluzione di   continuo della cute;è una malattia tossi-infettiva;il bacillo produce una endotossina che agisce in loco;"la tossina presenta un’azione
elettiva sulle cellule motrici dell’encefalo e";D
529;NEI SOGGETTI AFFETTI DA LEUCEMIA LINFATICA CRONICA SI RILEVA:;AUMENTO ASSAI FREQUENTE DELLE IGE;COSTANTE AUMENTO DI TUTTE LE IMMUNOGLOBULINE SERICHE;PROLIFERAZIONE DELLE CELLULE LINFATICHE BETA;COSTANTE AUMENTO RELATIVO DEI LINFOCITI T;DIMINUZIONE DELLA CUPREMIA;C
530;Una delle seguenti affermazioni sul clostridium tetani non è esatta:;si riproduce in anaerobiosi;"produce spore poco resistenti che vengono agevolmente
distrutte";elabora una tossina potentissima;"è molto diffuso in natura soprattutto nel terreno e
negli escrementi";le spore da sole non producono la malattia;B
531;QUALE DI QUESTE LEUCEMIE PRESENTA UNA SPICCATA TENDENZA ALLA COAGULAZIONE INTRAVASCOLARE DISSEMINATA?;LEUCEMIA PROMIELOCITICA ACUTA;LEUCEMIA MIELOIDE CRONICA LEUCOPENICA;LEUCEMIA MIELOIDE CRONICA EOSINOFILA;LEUCEMIA MIELOIDE CRONICA;LEUCEMIA LINFOIDE CRONICA;A
532;Una importante funzione dei neutrofili nell’infiammazione è:;produzione di enzimi proteolitici;formazione di cellule giganti;rallentamento della corrente ematica;"prevenzione della diffusione dell’infezione mediante
ostruzione dei linfatici";produzione di anticorpi;A
533;Uno dei seguenti tumori è sempre benigno:;adenoma bronchiogeno;timoma;carcinoide;amartoma;adenocarcinoma;D
534;"QUALE DI QUESTI GERMI E' GRAM-
NEGATIVO?";CLODSTRIDIO BOTULINICO;DIPLOCOCCO DI NEISSER;STREPTOCOCCO;STAFILOCOCCO;"MICOBATTERIO
DELLA";B
535;"IN QUALE DI QUESTE ENDOCRINOPATIE SI PUO' RILEVARE UNA SINDROME DA
MALASSORBIMENTO?";DIABETE MELLITO;IPOPARATIROIDISMO;TIREOTOSSICOSI;INSUFFICIENZA SURRENALICA;TUTTE QUESTE ENDOCRINOPATIE ';E
536;Il numero atomico di un elemento è uguale a:;il numero di protoni di un atomo dell’elemento;"la somma del numero di
protoni e di neutroni di un atomo dell’elemento";il numero di neutroni di un atomo dell’elemento;"la somma del numero di elettroni e di neutroni di un
atomo dell’elemento";"il numero intero più vicino alla
massa atomica";A
537;La molarità di una soluzione è:;il numero di grammoatomi di soluto contenuti in un litro di soluzione;il numero di grammomolecole di soluto contenute in un litro di soluzione;il numero di grammoatomi di soluto contenuti in un litro di solvente;"il numero di grammomolecole
di soluto contenute in un litro di solvente";il numero di grammiequivalenti  di soluto contenuti in un litro di soluzione;B
538;L'ANGIOTENSINA II:;INIBISCE LA SINTESI DI NORADRENALINA A LIVELLO DEI GANGLI SIMPATICI;STIMOLA LA PRODUZIONE DI CATECOLAMINE DAL SURRENE;DIMINUISCE LA LIBERAZIONE DI CATECOLAMINE A LIVELLO DELLE TERMINAZIONI SIMPATICHE;ACCENTUA LA RICAPTAZIONE A LIVELLO DELLE TERMINAZIONI SIMPATICHE DELLE CATECOLAMINE;"HA EFFETTO INIBENTE DIRETTO SUI
NEURONI DELL'AREA POSTREMA DEL";B
539;"In quale dei seguenti composti l’azoto ha il
numero di ossidazione massimo?";acido nitrico;ammoniaca;ione ammonio;ossido di azoto;tetrossido di azoto;A
Item;Domanda;A;B;C;D;E;OK
540;"AUTOANTICORPI LIBERI NEL SIERO IN CORSO DI ANEMIE EMOLITICHE AUTOIMMUNI SONO DIMOSTRABILI MEDIANTE:
LA VITA MEDIA DELLE EMAZIE E' NORMALMENTE DI:";"TEST DI COOMBS DIRETTO
120 GIORNI";"TEST DI COOMBS INDIRETTO
60 GIORNI";"TEST DEL ROSSO CONGO
30 GIORNI";"REAZIONE DI FLOCCULAZIONE DI CITOCHOL
15 GIORNI";"TEST AL PREDNISOLONE DI LITTLE E KATZ
7 GIORNI";"B
A"
"541
542";;;;;;;
;"Quale delle seguenti specie è un acido di
Broensted:";metano;ione carbonato acido;ione carbonato;ammoniaca;ione cloruro;B
543;"QUALE DEI SEGUENTI MARKERS
TUMORALI CONVIENE ASSOCIARE ALLA PAP PER LA DIAGNOSI ED IL MONITORAGGIO DEL CANCRO DELLA PROSTATA?";IL CEA;IL GICA;L'APP;IL PSA;L'NSE;D
544;"Quale delle seguenti specie è una base di
Broensted:";ione sodio;metano;ammoniaca;ione idrossonio;acido carbonico;C
545;Un acido debole può essere definito come:;un acido diluito;un acido non dannoso;un acido poco dissociato;un acido poco reattivo;"un acido che non può
formare";C
546;LA TIROIDITE DI HASHIMOTO E':;"UNA TIROIDITE
GRANULOMATOSA";UNA TIROIDITE ACUTA;"UNA TIROIDITE LIGNEA
(STRUMA FERICO)";"UNO STRUMA
LINFOMATOSO";"UNA TIROIDITE
FIBROINVASIVA";D
547;"L'ANEMIA EMOLITICA DA
IPERSENSIBILITA' ALLE FAVE (FAVISMO) E' DOVUTA A CARENZA DI:";"GLUCOSIO-6-FOSFATODEIDROGENASI(G
6PD)";PIRUVATOCHINASI;TRIOSOFOSFATO-ISOMERASI;2-3 DIFOSFO-GLICERATOMUTASI;"GLUCOSIO-6-FOSFATO-
ISOMERASI";A
548;Lo ione carbonato acido si comporta come un acido, quando reagisce:;con lo ione idrossonio per dare acqua e biossido di carbonio;con acqua per dare acido carbonico e ione ossidrile;con lo ione ossidrile per dare acqua e ione carbonato;"con lo ione solfato acido per dare acido carbonico e ione
solfato";"con acido acetico per dare
acqua, biossido di";C
549;IL TEST DI COOMBS INDIRETTO E' POSITIVO IN CASO DI:;ANEMIA SIDEROPENICA;PRESENZA NEL SIERO DI ANTICORPI INCOMPLETI;PRESENZA SULLA SUPERFICIE ERITROCITARIA DI ANTICORPI E/0;IPOTRANSFERRINEMIA ACQUISITA;ANEMIA DA CARENZA PROTEICA;B
550;"Se il pH di una soluzione è minore di 7 la
soluzione può essere definita:";fisiologica;acida;nCeOuMtraPLEMENTO;basica;ossidante;B
551;Una molecola è detta polare se:;è composta da un numero dispari di atomi;è composta da un numero pari di atomi;è formata da ioni;"assume un’orientazione
preferenziale se posta in un campo elettrico";"migra verso il polo negativo di
una cella elettrolitica";D
552;LA MALARIA TERZANA BENIGNA E' PROVOCATA:;SOLO DAL PLASMODIUM VIVAX;SOLO DAL PLASMODIUM OVALE;"SIA DAL PLASMODIUM
VIVAX CHE DAL PLASMODIUM OVALE";SOLO DAL PLASMODIUM MALARIAE;"SOLO DAL
PLASMODIUM FALCIPARUM";C
553;"LA REAZIONE CUTANEA ALLA
TUBERCOLINA E' DI TIPO:";ANAFILATTICO;PSEUDO-ALLERGICO;CITOLITICO CITOTOSSICO;DA COMPLESSI IMMUNI;RITARDATO;E
554;"Quale dei seguenti ossidi, in acqua, dà una
soluzione acida?";ossido di sodio;ossido di carbonio;biossido di carbonio;ossido di calcio;ossido di cesio;C
555;Che cos’è l’energia di attivazione?;differenza fra l’energia dei reagenti e l’energia dei prodotti;differenza fra l’energia dei prodotti e l’energia dei reagenti;"differenza fra l’energia dei reagenti e l’energia del
complesso attivato";"differenza fra l’energia del complesso attivato e
l’energia dei reagenti";"differenza fra l’energia dei
prodotti e l’energia del";D
556;"REAZIONE CITOCHIMICA PAS-POSITIVA SI
RILEVA NELLA LEUCEMIA ACUTA:";MIELOBLASTICA;PROMIELOCITICA;MIELO-MONOCITICA;LINFOBLASTICA;"MONOBLASTICA-
MONOCITICA";D
Item;Domanda;A;B;C;D;E;OK
557;"QUALE DI QUESTI REPERTI NON E' COSTANTE NEL FAVISMO SUBITO DOPO LA CRISI?
Equilibrio chimico si ha quando:";"EMOGLOBINEMIA
tutte le sostanze chimiche hanno cessato di reagire";"IPERBILIRUBINEMIA INDIRETTA
i reagenti si sono completamente trasformati in prodotti";"ANEMIA DI GRADO VARIABILE CON SFEROCITOSI
prodotti e reagenti sono disciolti nello stesso solvente";"DIMINUZIONE DELLE RESISTENZE OSMOTICHE ERITROCITARIE
tutte le concentrazioni si sono uguagliate";"LEUCOCITOSI E TROMBOCITOSI
la velocità della reazione diretta è uguale a quella della";"E
E"
558;;;;;;;
559;"Quale dei seguenti fattori non influenza lo
stato di equilibrio di una reazione chimica:";la costante di equilibrio;la temperatura;la concentrazione dei reagenti;"la concentrazione dei
prodotti";il catalizzatore;E
560;"QUALE DI QUESTI ELEMENTI CITOLOGICI
HA MAGGIORE DIAMETRO (100-150 MICRON)RISPETTO AGLI ALTRI?";PROLINFOCITO;LINFOCITO;MEGACARIOCITO LINFOIDE;PLASMACELLULA;PIASTRINA;C
561;"Quale dei seguenti sali, sciolto in acqua, dà
una soluzione a pH=7?";acetato di sodio;nitrato di ammonio;cloruro di alluminio;cloruro di ammonio;nitrato di potassio;E
562;ASSORBIMENTO ATTIVO MEDIANTE CARRIER E CONSUMO DI ENERGIA AVVIENE NELLA PARETE INTESTINALE PER:;IL FRUTTOSIO;IL GLUCOSIO;GLI AMINOACIDI DICARBOSSILICI;GLI AC. GRASSI;I MONOGLICERIDI;B
563;PRURITO GENERALIZZATO SI RILEVA FREQUENTEMENTE IN TUTTE QUESTE CONDIZIONI AD ESCLUSIONE DI UNA. QUALE?;ANCHILOSTOMIASI;UREMIA CRONICA;IPERTIROIDISMO;OSTRUZIONE DELLE VIE BILIARI;VITILIGINE;E
564;Una soluzione di acetato di potassio ha un pH minore di una soluzione di cianuro di potassio di uguale concentrazione. Questo perché:;l’acido cianidrico è un acido più debole dell’acido acetico;l’acido cianidrico è meno solubile dell’acido acetico;lo ione cianuro è una base più debole dello ione acetato;i cianuri sono meno solubili degli acetati;"lo ione acetato si dissocia
parzialmente per dare ioni idrossonio";A
565;"Quale delle seguenti coppie costituisce una
soluzione tampone:";"carbonato di sodio, carbonato
acido di sodio";nitrato di sodio, acido nitrico;"cloruro di ammonio, acido
cloridrico";"idrossido di sodio, acido
cloridrico";"ammoniaca, idrossido
di sodio";A
566;NELLA SINDROME SURRENOGENITALE CONGENITA SI PUO’ AVERE QUESTA CATENA DI EVENTI, DI CUI UNO E' QUI RIFERITO IN MODO ERRONEO. QUALE?;IPERPIGMENTAZIONE CUTANEA;DA IPERINCREZIONE DI ACTH;DOVUTA A BLOCCO TOTALE DELLA 21-IDROSSILASI;CHE PROVOCA IPERPRODUZIONE DI CORTISOLO;"E IPERPRODUZIONE DI
ANDROGENI E POSSIBILE";D
567;Il sangue è tamponato per la presenza di:;acidi nucleici;emoglobina nella sue forme ridotta e ossidata;ATP e ADP;"anidride carbonica in presenza
dello ione carbonato acido";acido fosforico e ione fosfato;D
568;"IL SEMINOMA E' UNA NEOPLASIA CHE,
NELLA MAGGIOR PARTE DEI CASI:";"E' IL PIU' RARO DEI TUMORI
TESTICOLARI";"E' QUASI SEMPRE
BILATERALE";SVILUPPA RAPIDAMENTE;"PREDILIGE IL TESTICOLO
CRIPTORCHIDE";"DA' METASTASI
MOLTO";D
569;"NELLA PRIMA SETTIMANA LA DIAGNOSI DI FEBBRE TIFOIDE PUO’ ESSERE FACILMENTE
POSTA MEDIANTE:";L'EMOCOLTURA;LA COPROCOLTURA;LA SIERODIAGNOSI DI WIDAL;LA REAZIONE DI PAUL-BUNNEL-DAVIDSON;"LA RICERCA DELLA RISPOSTA
SIEROLOGICA AL";A
570;"Quale dei seguenti composti contiene elettroni
< ?";metano;ammoniaca;metanolo;acetone;etere etilico;D
571;"IL PERIODO DI INCUBAZIONE
DELL'EPATITE DA VIRUS A E' GENERALMENTE DI:";1-2 GIORNI;3-6 GIORNI;7-8 GIORNI;9-10 GIORNI;15-50 GIORNI;E
572;"Gli amminoacidi sono composti aventi gruppi
funzionali:";amminico ed aldeidico;ammonico ed alcolico;ammonico ed alchilico;amminico e carbossilico;ammonico e chetonico;D
Item;Domanda;A;B;C;D;E;OK
573;IL GIP (GASTRIC INHIBITOR POLYPEPTIDE) SVOLGE UNA FUNZIONE DI:;STIMOLAZIONE DELLA MOTILITA' GASTRICA;STIMOLAZIONE DELLA SECREZIONE DIGIUNO-ILEALE;STIMOLAZIONE DELLA SECREZIONE DI PEPSINA INIBITA DALLA IPOGLICEMIA INSULINICA;STIMOLAZIONE DELLA SECREZIONE DI HCL INIBITA DALLA IPOGLICEMIA INSULINICA;INIBIZIONE DELLA SECREZIONE DI INSULINA;B
574;Un atomo di carbonio asimmetrico è:;"un atomo di carbonio sp3 legato a
4 gruppi uguali";"un atomo di carbonio sp2 legato
a 3 gruppi diversi";"un atomo di carbonio sp2 legato
a 3 gruppi uguali";"un atomo di carbonio sp3
legato a 4 gruppi diversi";"un atomo di carbonio
sp legato a 2 gruppi";D
575;"Il saccarosio è un disaccaride che per idrolisi
dà:";2 molecole di glucosio;2 molecole di fruttosio;"1 molecola di glucosio ed una
molecola di galattosio";"1 molecola di glucosio ed
una";"1 molecola di glucosio
ed una";D
576;"IL RITMO CIRCADIANO DEL CORTISOLO PREVEDE VALORI MASSIMI E MINIMI DI
CORTISOLEMIA PER LE ORE:";MX FRA LE 2 E LE 6 MN FRA LE 18 ELE 22;MX FRA LE 6 E LE 10 MN FRA LE 22E LE 24;MX FRA LE 10 E LE 14 MN FRA LE 1E LE 4;MX FRA LE 14 E LE 18 MN FRA LE 4 E LE 8;"MX FRA LE 18 E LE 22 MN
FRA LE 8 E LE 12";B
577;Per idrolisi delle proteine si ottengono:;solo alfa-amminoacidi;amminoacidi e carboidrati;alfa e beta-amminoacidi;solo beta-amminoacidi;"amminoacidi
variamente";A
578;I lipidi trigliceridi sono composti da:;glicerina ed acidi grassi;glicerina ed amminoacidi;glicerina e carboidrati;glicerina ed acidi inorganici;glicerina ed acidi;A
579;Prodotti della glicolisi anaerobica sono:;acido lattico;anidride carbonica ed acqua;acidi grassi ed acqua;glucosio ed acqua;"anidride carbonica ed
acido";A
580;Il prodotto di solubilità è:;il prodotto delle concentrazioni ioniche presenti in una soluzione di un sale   poco solubile;il prodotto delle concentrazioni ioniche presenti in una soluzione satura di un   sale poco solubile;la somma delle cariche degli ioni;il prodotto delle cariche degli ioni;"la concentrazione molare del
sale sciolto";B
581;"Il simbolo + posto davanti al nome composto
indica che esso è:";otticamente inattivo;destrogiro;levogiro;una forma meso;un racemo;B
582;Il trifluoruro di boro è:;un acido protico;un acido di Broensted;una sostanza neutra;una base di Lewis;un acido di Lewis;E
583;"I sali che si ottengono per neutralizzazione di
un acido forte con una base debole danno luogo a soluzioni:";neutre;basiche;alcaline;acide;tampone;D
584;"Una soluzione il cui pH non cambia per
aggiunta di una piccola quantità di acido o base forte è:";una soluzione tampone;un colloide protettore;una soluzione di un acido debole;una soluzione di una base debole;una soluzione ideale;A
585;Nella pila si attua la conversione di:;lavoro in calore;calore in lavoro;"energia chimica in energia
elettrica";"energia elettrica in energia
chimica";"energia chimica in
energia";C
586;"Un alchene con acido cloridrico dà una
reazione:";addizione;sostituzione;combustione;neutralizzazione;eliminazione;A
587;"LA DERMATITE DA CONTATTO E' UNA
REAZIONE IMMUNE DI:";TIPO PSEUDOALLERGICO;I TIPO: REAGINICA;II TIPO: CITOTOSSINA;"III TIPO: DA COMPLESSI
IMMUNI";IV TIPO: CELLULARE;E
588;Il ribosio è:;un aldotetroso;un chetopentoso;un aldoesoso;un aldopentoso;un chetoesoso;D
589;"La velocità di una reazione chimica, quando la
temperatura aumenta:";rimane costante;diminuisce;"aumenta se la reazione è
endotermica";"aumenta se la reazione è
esotermica";aumenta;E
590;"L’acido cloridrico in soluzione acquosa è
completamente dissociato:";perché è un elettrolita debole;perché è un ossidante forte;perché è un acido forte;"perché l’acqua dissocia
completamente tutti gli acidi";"perché è un riducente
forte";C
591;"Allo stato fondamentale la carica di un atomo
è:";nulla;positiva;distribuita solo all’esterno;negativa;"distribuita solo
all’interno";A
592;Un atomo che ha perso un elettrone rispetto al suo stato fondamentale è definito:;nuclide;anione;anfoione;catione;isotopo;D
Item;Domanda;A;B;C;D;E;OK
593;"Nella trasformazione da atomo neutro a ione l’atomo perde o acquista:
IL VOLUME EMATICO TOTALE, CIOE' LA MASSA
SANGUIGNA E' ALL'INCIRCA:";"protoni
L'1% DEL PESO CORPOREO";"cariche positive
IL 2% DEL PESO CORPOREO";"cariche negative
IL 4% DEL PESO CORPOREO";"radiazioni alfa
L'8% DEL PESO CORPOREO";"neutroni
IL 15% DEL PESO CORPOREO";"C
D"
594;;;;;;;
595;"Una quantità di un elemento pari alla sua massa atomica espressa in grammi contiene un
numero di atomi pari al:";numero di neutroni;numero di massa;numero di orbitali;numero di Avogadro;numero atomico;D
596;IL GLUCAGONE NEL PLASMA:;E' AUMENTATO SOLO NEL DIABETE NON INSULINO-DIPENDENTE;E' AUMENTATO SOLO NEL DIABETE INSULINO-DIPENDENTE;E' AUMENTATO SIA NEL DIABETE INSULINO DIPENDENTE CHE NON INSU-LINO-DIPENDENTE;"E' DIMINUITO NEL DIABETE
INSULINO-DIPENDENTE";"E' DIMINUITO NEL DIABETE
NON INSULINO-DIPENDENTE";C
597;"Se una sostanza A si scioglie in esano e non
in acqua, la molecola di A sarà:";polare;ionica;solvatata;idratata;non polare;E
598;"QUALE FRA I SEGUENTI FATTORI DEL COMPLEMENTO HA UN'ATTIVITA'
PROTEOLITICA:";CLS;C2B;C3A;C8;C9;A
599;"In una soluzione acquosa diluita in glucosio,
l’acqua è:";il solvente;il soluto;l’agente emulsionante;il colloide;la base dispersa;A
600;"QUANTE MOLECOLE DI C9 POSSONO
FISSARSI SUL COMPLESSO C 6, 7, 8:";1;2;4;6;10;D
601;"Una soluzione con la stessa pressione
osmotica di un’altra viene definita:";isotopica;isobarica;isoelettrica;isotonica;isocratica;D
602;"QUALE FRA LE SEGUENTI STRUTTURE
NON E' PRESENTE NEI LINFONODI:";CORDONI MIDOLLARI;"GUAINE LINFATICHE
PERIARTERIOLARI";FOLLICOLI PRIMARI;"CORTECCIA
PARAFOLLICOLARE";"CENTRI
GERMINATIVI";B
603;"Una soluzione è ipotonica rispetto ad un’altra
quando:";ha la stessa concentrazione;"ha tensione di vapore
maggiore";ha pressione osmotica inferiore;"ha pressione osmotica
superiore";"ha concentrazione
inferiore";C
604;"QUALE FRA LE SEGUENTI MOLECOLE
NON PRESENTA UN'ANALOGIA STRUTTURALE CON LE IMMUNOGLOBULINE:";ANTIGENE THY-1;COMPONENTE SECRETORIO (SC);CATENA J;BETA-2-MICROGLOBULINA;ANTIGENI MCH DI CLASSE II;C
605;I carboidrati sono:;polimeri;acidi policarbossilici;polieni;"polidrossialdeidi o
polidrossichetoni";polisaccaridi;D
606;IL CA-19.9 O GICA E' UN ANTIGENE ESPRESSO ESSENZIALMENTE DA:;"NEOPLASIE
DELL'APPARATO DIGERENTE";LINFOMI;CARCINOMA DEL POLMONE;EPITELIOMI;OSTEOSARCOMI;A
607;La forma ciclica del ribosio è una struttura:;lattimica;lattamica;semichetalica;semiacetalica;lattonica;D
608;"QUALI FORZE HANNO PARTICOLARE
IMPORTANZA NELLA REAZIONE SECONDARIA ANTIGENE-ANTICORPO:";FORZE DI VAN DER WAALS;LEGAMI IDROGENO;FORZE ELETTROSTATICHE;INTERAZIONI COVALENTI;LEGAMI IDROFOBILI;C
609;"I carboidrati presentano il fenomeno della
mutarotazione in quanto:";sono stereoisomeri;contengono gruppi ossidrilici;"reagiscono con alcoli per dare
glicosidi";non sono mai puri;"in soluzione gli
anomeri alfa e";E
610;"QUALE FRA LE SEGUENTI PROTEINE E' DOTATA DI MAGGIORE CAPACITA'
IMMUNOGENA:";CITOCROMO C;FLAGELLINA;OVOALBUMINA;SIEROALBUMINA;GAMMAGLOBULINA;B
Item;Domanda;A;B;C;D;E;OK
611;"Tra i seguenti zuccheri non ha le proprietà delle aldeidi e chetoni il:
QUAL E' L'AMINOACIDO N-TERMINALE ESSENZIALE PER LA FUNZIONE BIOLOGICA DELLE CHININE VASOATTIVE:";fruttosio LISINA;maltosio METIONINA;saccarosio ISTIDINA;lattosio ARGININA;ribosio TIROSINA;C D
"612
613";;;;;;;
;Il pH è definito come.;"pH= - log [concentrazione ione
idrogeno]";"pH= +log [concentrazione ione
idrogeno]";"pH= log [concentrazione ione
idrogeno]";"pH= +log [concentrazione
ione";"pH= -log
[concentrazione ione";A
614;"Un acido avente una costante di acidità
+0,000001 è:";un acido forte;un acido mediamente forte;un acido organico;un acido inorganico;un acido debole;E
615;"SU QUALE SEZIONE DEL LETTO VASCOLARE TERMINALE L'ISTAMINA HA UN
EFFETTO CONTRAENTE:";VENULE POST-CAPILLARI;CAPILLARI VARI;SFINTERI PRE-CAPILLARI;ARTERIOLE PRE-CAPILLARI;METARTERIOLE;B
616;IL SEGUENTE QUADRO: AGAMMAGLOBULINEMIA, ASSENZA DI FOLLICOLI NEI LINFONODI, CONTA LINFOCITARIA NORMALE, TIMO NORMALE, VI FA PENSARE A:;MORBO DI BRUTON;SINDROME DI GEORGE;AGAMMAGLOBULINEMIA DI TIPO SVIZZERO;DISGENESIA RETICOLARE;SINDROME DI NEZELOF;A
617;Il trifluoruro di alluminio è:;un acido di Broensted;un acido protico;una sostanza neutra;un acido di Lewis;un indicatore;D
618;"IL FENOMENO DELLA ""FACILITAZIONE""
O""ENHANCEMENT"" E' DOVUTO A:";LINFOCITI T CITOTOSSICI;CELLULE NK;ANTICORPI PRECIPITANTI;ANTICORPI CITOTOSSICI;"ANTICORPI
BLOCCANTI";E
619;Al catodo di una pila avviene una reazione di:;riduzione;salificazione;ossidazione;ossido-riduzione;fusione;A
620;"IL METODO COSIDDETTO DELLA
""CRESCITA E LEGATURA"" E' IMPIEGATO NELLO STUDIO DI:";TRAPIANTI DI RENE;TRAPIANTI CUTANEI;IMMUNITA' ANTI-TUMORALE;INFIAMMAZIONE;IBRIDI CELLULARI SOMATICI;C
621;La piridina è:;una amina secondaria;una amina primaria;una amina alifatica;"una amina alifatica
secondaria";una amina terziaria;A
622;"QUANTI GRUPPI DI ASSOCIAZIONE
ESISTONO NEL GENOMA DELLA SPECIE UMANA?";2;22;23;44;46;C
623;L’acido lattico è:;aldoacido;chetoacido;acido insaturo;acido bicarbossilico;idrossiacido;E
624;"SE UNA PIANTA DI MAIS ETEROZIGOTE
PER GLI ALLELI ""BASSO"" E ""FOGLIE RUGOSE"" (ENTRAMBI RECESSIVI RISPETTO A ""ALTO"" E ""FOGLIE LISCIE"") E' AUTOFECONDATA E SI RACCOLGONO 160
SEMI CHE VENGONO FATTI GERMINARE QUAL E' IL NUMERO DI PIANTE ""ALTE""?";10;20;40;90;120;E
625;Gli elettroni < del benzene sono:;12;9;5;localizzati;delocalizzati;E
626;Tra i seguenti amminoacidi contengono zolfo:;fenilalanina e acido aspartico;fenilalanina e prolina;metionina e cisteina;tirosina e triptofano;tirosina e idrossiprolina;C
627;QUALE E' L'ANTICODONE DEL TRNA CHERICONOSCE IL CODONE ACC DEL MRNA?;GUU;TGG;UGG;CCA;CAA;C
Item;Domanda;A;B;C;D;E;OK
628;"ATTRAVERSO LA PLACENTA PASSANO:
La variazione cromosomica detta trisomia 21 a quale quadro clinico corrisponde:";"LE IGM
mongolismo";"LE IGG
morbo di Hurler";"GLI IMMUNOCOMPLESSI IN ECCESSO DI ANTIGENE
morbo di Sprenghel";"GLI IMMUNOCOMPLESSI IN ECCESSO DI ANTICORPO
morbo di Calvè";"GLI IMMUNOCOMPLESSI COL COMPLEMENTO
gargoilismo";"B
A"
629;;;;;;;
630;"I raggi ultravioletti hanno una lunghezza
d’onda compresa tra:";1800-4000;4000-6000;6000-8000;8000-10000;500-1000;A
631;"LA FAMIGLIA DI IG PRESENTE NEL SIERO NORMALE NELLA CONCENTRAZIONE PIU'
BASSA E' QUELLA DELLE:";IGG;IGM;IGD;IGA;IGE;E
632;"La batteriuria è considerata indice di infezione
delle vie urinarie con:";10(alla sesta) colonie per ml;10(alla quarta) colonie per ml;10(alla quinta) colonie per ml;10(alla terza) colonie per ml;"10(alla seconda)
colonie per ml";C
633;NELLA RISPOSTA SECONDARIA VERSO ANTIGENI NON ALLERGENI, SI HA SINTESI DI:;IGA;IGM;IGG;IGE;IGD;C
634;IL FATTORE REUMATOIDE E' DI REGOLA:;IMMUNOGLOBULINA 19 S;IMMUNOGLOBULINA 7 S;ANTIGENE;APTENE;GRUPPO;A
635;La cellula di Langerhans si trova:;nella mucosa gastrica;nell’epidermide;nelle pareti dei piccoli vasi;nel tessuto osseo;nel pancreas;B
636;"UNO DI QUESTI ORMONI NON S' SECRETO
DALLA ADENOIPOFISI, QUALE:";ACTH;ADH;STH;TSH;FSH;B
637;Il pigmento melanico ha funzione:;antibatterica;cheratogenetica;antimicotica;protettiva dai raggi U.V.;"equilibrante il mantello
cutaneo";D
638;Quale dei seguenti esami urinari è il più indicato nel monitoraggio del diabete mellito?;chetonuria;proteinuria;microematuria;leucocituria;glicosuria;E
639;"LE LIPOPROTEINE AD ALTA DENSITA'
(ELD) TRASPORTANO PREVELENTEMENTE IL SEGUENTE COMPONENTE:";TRIGLICERIDI ENDOGENI;TRIGLICERIDI ESOGENI;COLESTEROLO;FOSFOLIPIDI;ACIDI GRASSI LIBERI;D
640;"Le seguenti condizioni possono essere causa
di ipercalcemia, tranne una. Quale?";carcinoma mammario;mieloma multiplo;ipotiroidismo;sarcoidosi;iperparatiroidismo;C
641;"LA RENINA POSSIEDE TUTTE LE
PROPRIETA' ELENCATE ECCETTO UNA, QUALE:";E' UN ENZIMA PROTEOLITICO;VIENE SECRETO DALLE CELLULE DELL'APPARATO IUXTAGLOMERULARE DEL RENE;VIENE ATTIVATA DALLA PLASMINA;IL SUO SUBSTRATO NATURALE E' L'ANGIOTENSINOGENO (ALFA-2-GLOBU-LINA PLASMATICA);PRODUCE ANGIOTENSINA I CHE, CONVERTITA IN ANGIOTENSINA II, ESERCITA EFFETTO IPERTENSIVO DIRETTAMENTE VIA LIBERAZIONE DI;C
642;LA PRIMA E PIU' IMPORTANTE BARRIERA SPECIFICAMENTE IMMUNE CONTRO UN AGENTE INFETTIVO PROVENIENTE DALL'ESTERNO E' RAPPRESENTATA DA:;IG A PRESENTI NELLE SECREZIONI DELLE MUCOSE E DELLA CUTE;IG M PRODOTTE DAL TESSUTO LINFOEPITELIALE DELLE SOTTOMUCOSE;LISOZIMA;INTERFERON, INDOTTO NELLE CELLULE EPITELIALI DELLA MUCOSA;LINFOCITI SPECIFICAMENTE IMMUNI DELLE MUCOSE;A
643;Utilizzo del CEA nel Ca del colon:;diagnosi precoce;stadiazione;"controllo del follow-up della
malattia";tutte le precedenti;"nessuna delle
precedenti";C
Item;Domanda;A;B;C;D;E;OK
644;LA CURVA DI DISSOCIAZIONE DELLA EMOGLOBINA E' SPOSTATA A DESTRA (AUMENTO DELLA DISSOCIAZIONE) DALLA SEGUENTE CAUSA:;DIMINUITA PRESSIONE DI CO2;AUMENTATA PRESSIONE DI CO2;AUMENTO DEL PH;"AUMENTATA PRESSIONE DI
N2";DIMINUITA PRESSIONE DI N2;B
645;L’aplasia è:;organo diminuito di volume;organo aumentato di volume;organo assente;organo malformato;nessuna delle;C
646;"IL PH NORMALE DEL SANGUE E'
COMPRESO TRA I SEGUENTI VALORI:";6.8-7.0;7.0-7.1;7.1-7.3;7.3-7.5;7.5-7.9;D
647;"Nel siero del sangue di gruppo B si rilevano
anticorpi:";anti AB;anti A;anti B;nessuno di questi anticorpi;antinucleo;B
648;"QUALE ENZIMA E' CARENTE NELLA MAPLE
SYRUP URINE DISEASE:";TIROSINASI;"TIROSINA-
AMINOTRANSFERASI";FENILALANINAIDROSSILASI;"ALFACHETOACILDEIDROG
E";PROLINAOSSIDASI;A
649;Quale delle seguenti immunoglobuline è più strettamente connessa con l’insorgenza dell’attacco dell’asma di natura allergica:;IgG;IgM;IgA;IgE;IgG e IgM;D
650;Un’infezione opportunistica deriva in genere da:;germi patogeni virulenti con crollo delle difese;"germi scarsamente patogeni o saprofiti senza crollo delle
difese";germi scarsamente patogeni o saprofiti con crollo delle difese;a e b;"germi patogeni virulenti con
buone difese";C
651;LE CAUSE DI MORTE PIU' FREQUENTI SONO:;MALATTIE INFETTIVE;TRAUMATISMI;MALATTIE DELL'APPARATO RESPIRATORIO;TUMORI;"MALATTIE CARDIOCIRCOLATO
RIE";E
652;"Quale fra le seguenti infezioni può essere
definita ”opportunistica” in senso stretto:";da pneumococco;da stafilococco patogeno;da klebsiella;da citomegalovirus;da streptococco;D
653;"LA PARISTARIA OFFICINATIS PUO'
PROVOCARE:";ECZEMA;ASMA;PLEURITE;"BRONCHITE CON
BRONCHIECTASIE";ENFISEMA;B
654;Le immunoglobuline sono prodotte:;dai polinucleati neutrofili;dai linfociti;dalle plasmacellule;da a, b, c;"da nessuna delle
cellule";C
655;"LA CANGRENA GASSOSA E' UNA FORMA
DI NECROSI ASSOCIATA A:";INFEZIONI DA MICETI;ENFISEMA;TUBERCOLOSI;INFEZIONI DA CLOSTRIDI;"TRAUMATISMI
MUSCOLARI";D
656;"Le cellule centrali delle risposte immuni cellulo
mediate sono:";monociti;linfociti;polinucleati neutrofili;"tutte le cellule indicate in a,
b,";"nessuna delle cellule
indicate";B
657;L'ACQUA PUO’ ESSERE VEICOLO DI:;VARICELLA;COLERA;TUBERCOLOSI;CARBONCHIO;SIFILIDE;B
658;"IL PRINCIPALE BERSAGLIO CELLULARE
PER L'AZIONE DELLE RADIAZIONI E':";DNA;MEMBRANA CELLULARE;MITOCONDRI;RIBOSOMI;LIPOSOMI;A
659;Le immunoglobuline sono:;proteine;lipoproteine;glicoproteine;peptidi;aminoacidi;C
660;LA PCO2 DEL SANGUE E' DI NORMA:;=40 MM HG;<20 MM HG;<30 MM HG;>50 MM HG;>60 MM HG;A
661;Le reagine sono:;ormoni;immunoglobuline di classe A;immunoglobuline di classe G;immunoglobuline di classe M;immunoglobuline di;E
662;"IL PH DEL SANGUE E' AUMENTATO IN UNA
DI QUESTE CONDIZIONI:";VOMITO;ECLAMPSIA;ACIDOSI DIABETICA;POLMONITI;UREMIA;A
663;Le linfochine sono:;coloranti per linfociti;"sostanze di origine batterica ad
azione litica sui linfociti";"mediatori solubili dell’immunità
cellulare";immunoglobuline;"nulla di quanto indicato
in a, b,";C
Item;Domanda;A;B;C;D;E;OK
664;"INDICARE QUALE DELLE SEGUENTI DEFINIZIONI DI ""VIRULENZA"" E' PIU' CORRETTA:";LA CAPACITA' DEL MICRORGANISMO DI DETERMINARE UNA MALATTIA;LA CAPACITA' DEL MICRORGANISMO DI PRODURRE TOSSINE A LORO VOLTA PATOGENE PER L'ORGANISMO;LA RESISTENZA DEL MICRORGANISMO AGLI ANTICORPI ED AGLI ALTRI FATTORI DI DIFESA IMMUNITARIA DELL'ORGANISMO;LA CAPACITA' DI UN DATO MICRORGANISMO DI SUPERARE LE DIFESE DI UN DATO OSPITE, IN DETERMINATE CONDIZIONI;LA RESISTENZA DEL MICRORGANISMO AGLI AGENTI TERAPEUTICI (ANTIBIOTICI, ETC.);D
665;"Gli anticorpi all’elettroforesi delle sieroproteine
migrano con:";le albumine;le alfa globuline;le beta globuline;le gamma globuline;"le beta e gamma
globuline";E
666;"I CROMOSOMI NELLO SPERMATOZOO
MATURO SONO IN NUMERO DI:";48;46;22;24;23;E
667;Da quali cellule è liberata l’istamina:;epiteliociti;mastociti;linfociti;macrofagi;fibroblasti;B
668;"IL PRINCIPALE PRODOTTO DI
SECREZIONE ORMONALE DEL TESTICOLO E':";ANDROSTENEDIONE;CORTISOLO;TESTOSTERONE;PROLATTINA;ESTROGENI;C
669;"In quale delle sottoelencate malattie sono più frequentemente dimostrabili anticorpi sierici anti-
DNA:";artrite reumatoide;artrite reumatoide giovanile;Lupus eritematoso;panarterite nodosa;sclerosi sistemica progressiva;C
670;L’immunofluorescenza è una tecnica di tipo:;immunoistochimico;radioimmunologico;immunochimico;chimico-fisico;né a, né b, né c, né d;A
671;"Il sarcoma di Kaposi si associa più
frequentemente a:";infezione luetica;leucemia;diabete;"deficit immunità umorale
(linf.";"deficit immunità
cellulare (linf.";E
672;"SI E’ DATO IN NOME DI ""MALATTIA DEI LEGIONARI"" A:";IL TIFO ESANTEMATICO, PERCHE' FREQUENTE IN FORMA EPIDEMICA NEGLI ESERCITI CHE ROMA INVIAVA AI CONFINI DELL'IMPERO;"UNA EPIDEMIA DI ""SPAGNOLA"" CHE COLPI' I LEGIONARI ITALIANI IN SPAGNA NEL 1936";UNA INFEZIONE DA VIRUS RESPIRATORIO SINCINZIALE A PREVALENTE LOCALIZZAZIONE RESPIRATORIA, FREQUENTE IN FORMA EPIDEMICA NELLE CASERME E NEGLI ACCAMPAMENTI MILITARI;"UNA INFEZIONE CON PREVALENTE LOCALIZZAZIONE POLMONARE, SOSTENUTA DA UN BATTERO SPECIFICO GRAMNEGATIVO, DIFFUSA IN TUTTO IL MONDO IN PICCOLI FOCOLAI
EPIDEMICI";LA MENINGITE CEREBRO- SPINALE DA MENINGOCOCCO, FREQUENTE IN PICCOLI FOCOLAI EPIDEMICI IN CASERME, SCUOLE ETC.;D
673;"Quali delle seguenti cellule non sono presenti
nell’epidermide:";melanociti;mastociti;cellule di Langerhans;cellule di Merkel;cheratinociti;B
674;"Qual è il maggior costituente chimico del
sudore:";sodio;potassio;fosforo;azoto;cloruri;E
675;"Quanti cromosomi sessuali ha il cariotipo
normale:";46;10;2;6;24;C
676;La VDRL è una reazione di:;immunofluorescenza;microflocculazione;deviazione del complemento;chiarificazione;immobilizzazione;B
677;GLI ANTICORPI CONTRO LE ENDOTOSSINE HANNO AZIONE:;NEUTRALIZZANTE LA ENDOTOSSINA;PRECIPITANTE LA ENDOTOSSINA;"AGGLUTINANTE I BATTERI PRODUTTORI DELLA
ENDOTOSSINA";TUTTE LE PRECEDENTI;NESSUNA DELLE PRECEDENTI;C
678;LA REAZIONE DI PAUL BUNNEL-DAVISON, USATA NELLA DIAGNOSI DI MONONUCLEOSI INFETTIVA, CONSISTE NELLA:;AGGLUTINAZIONE DI PROTEUS X-19;AGGLUTINAZIONE DI EMAZIE DI PECORA;AGGLUTINAZIONE DI EMAZIE DI PECORA DOPO ASSORBIMENTO DEL SIERO CON PROTEUS X 19;AGGLUTINAZIONE DI EMAZIE DI PECORA DOPO ASSORBIMENTO DEL SIERO SU RENE DI CAVIA;"AGGLUTINAZIONE DI UNA
SOSPENSIONE DI VIRUS DI EPSTEIN-BARR OTTENUTA DA";D
Item;Domanda;A;B;C;D;E;OK
679;Le clamidie sono coltivabili:;su agar sangue;su Chapman;su Thayer-Martin;in brodo di Kupferberg;in cellule di Mc Coy;E
680;"L’ectoderma e il mesoderma sono foglietti embrionali da cui deriva l’apparato tegumentario.
L’ectoderma dà origine a:";epidermide;derma papillare;derma medio;derma profondo;ipoderma;A
681;LA CELLULA GIGANTE TIPO LANGHANS E' CARATTERIZZATA DA:;FORMA ROTONDEGGIANTE, CITOPLASMA BASOFILO, PRESENZA DI 2-3 NUCLEI CENTRALI CON GROSSI NUCLEOLI;FORMA ALLUNGATA, CITOPLASMA BASOFILO, PRESENZA DI 1-2 NUCLEI PURE ALLUNGATI, CON DISPOSIZIONE DELLA CROMATINA A RUOTA;FORMA ROTONDEGGIANTE, CITOPLASMA ACIDOFILO, NUMEROSI NUCLEI, PER LO PIU' DISPOSTI ALLA PERIFERIA;FORMA ROTONDEGGIANTE, CITOPLASMA ACIDOFILO, NUMEROSI NUCLEI, PER LO PIU' CENTRALI;FORMA VARIA, CITOPLASMA LIEVEMENTE BASOFILO, NUCLEO UNICO, CON 3-4 NUCLEOLI;C
682;"DELLE SEGUENTI STRUTTURE O
MOLECOLE UNA SOLA NON E' ASSOCIATA CON LA MEMBRANA PLASMATICA, QUALE:";ENZIMI DELLE POMPE IONICHE;MICROFILAMENTI CONTRATTILI;RECETTORI;ENZIMI PER LA SINTESI PROTEICA;PROTEINE CITOSCHELETRICHE;D
683;Un batterio gram-negativo appare:;rosso;violetto;privo di colore;nero;blu scuro;A
684;I LISOSOMI SONO CORRELATI CON LE SEGUENTI FUNZIONI, ECCETTO UNA, QUALE:;"DEMOLIZIONE DEI RADICALI PEROSSIDI E DELL'ACQUA
OSSIGENATA";DEMOLIZIONE DEL GLICOGENO;DEMOLIZIONE DEGLI SFINGOLIPIDI;"DEMOLIZIONE DEGLI ACIDI
NUCLEICI";"DEMOLIZIONE DEI MUCOPOLISACCARI
DI";A
685;Il macrofago deriva da:;dall’istiocito;dal linfocito;dal monocito;dalle plasmacellule;dalle emazie;C
686;L'ANIMALE OSPITE PER L'ECHINOCOCCUS GRANULOSUS E' SOLITAMENTE:;IL CANE;IL GATTO;IL RATTO;IL MAIALE;IL CAVALLO;E
687;"Nella sindrome da immunodeficienza acquisita
il difetto specifico è a carico di:";linfociti B;linfociti T helper;linfociti T suppressor;linfociti T citotossici;chemiotassi;B
688;"QUALE TRA I SEGUENTI PARASSITI NON
E' UN PROTOZOO?";ENTAMOEBA COLI;"ECHINOCOCCUS
GRANULOSUS";PNEUMOCYSTIS CARINII;PLASMODIUM VIVAX;GIARCIA LAMBLIA;B
689;Le cellule di Langerhans funzionano come:;riserve di materiale;"neutralizzanti gli enzimi
lisosomiali";neutralizzanti l’istamina;sito di contatto per l’antigene;killer dei linfociti T;D
690;"Normalmente la maggior parte del ciclo di
replicazione delle cellule epidermiche è occupato dalla:";fase G1;fase S;fase G2;fase M;nessuna di queste;A
691;"QUALE TRA I SEGUENTI PARASSITI NON
E’ UN PLATELMINTA:";TAENIA SAGINATA;DIPHYLLOBOTHRIUM;SCHISTOSOMA MANSONI;FASCIOLA HEPATICA;"ASCARIS
LUMBRICOIDES";E
692;"LA CONCENTRAZIONE DEL FERRO PLASMATICO E' NORMALMENTE COMPR8SA
TRA:";10-25 UG/DL;20-60 UG/DL;50-160 UG/DL;210-330 UG/DL;500-850 UG/DL;C
693;"Il fattore della coagulazione deficiente nella
malattia di Von Willebrand è:";protrombina;fibrinogeno;fattore VII;fattore VIII;fattore XIII;D
694;L'IPERPLASIA E' DOVUTA A:;AUMENTO DI VOLUME DI UN TESSUTO PER AUMENTO DEL NUMERO DI CELLULE;PERDITA DELLA DIFFERENZIAZIONE CELLULARE;PERDITA DELL'INIBIZIONE DA CONTATTO;"AUMETNO DI VOLUME DI UN
TESSUTO PER AUMENTO DEL VOLUME CELLULARE";BLOCCO DELLE MITOSI;A
695;L’assenza congenita della tiroide è causa di:;gozzo non tossico;mixedema;morbo di Basedow;cretinismo;discondroplasia;D
696;"LA MAGGIOR PARTE DELL'AZOTO TOTALE
URINARIO E' COSTITUITO DA:";UREA;AMMONIACA;AC. URICO;CREATININA;AMINOACIDI;A
Item;Domanda;A;B;C;D;E;OK
697;"Uno solo di questi parametri non è dato
dall’emogasanalisi. Quale:";pH;PaO2;PaCO2;bicarbonati standard;latticidemia;E
698;"IN CONDIZIONI NORMALI NELLE URINE
NON SI RISCONTRANO MAI:";ERITROCITI;LEUCOCITI;"CELLULE EPITELIALI DI
SFALDAMENTO";CILINDRI IALINI;CILINDRI CEREI;E
699;Cosa esprime il parametro base excess dell’emogasanalisi:;la concentrazione di bicarbonati nel sangue;valuta la componente metabolica dell’equilibrio acido-basico;valuta la capacità tamponante totale del plasma;corrisponde alla somma di tutte le basi tampone;esprime l’eccesso di bicarbonati nel compartimento extracellulare;E
700;"Quale tra questi è un test importante nella valutazione degli stati di coagulopatia da consumo
(CID):";calcemia;dosaggio fattore XIII;dosaggio fattore VIII;"dosaggio dei prodotti di degradazione dei prodotti del
fibrinogeno";tempo di sanguinamento;D
701;LA STRUTTURA QUATERNARIA E' TIPICA:;"DELLE PROTEINE CON
PESO MOLECOLARE TRA
10.000 E 20.000";"DELLE PROTEINE
COMPOSTE DA PIU' CATENE POLIPEPTIDICHE";DELLE SOLFOPROTEINE;DELLE PROTEINE CONIUGATE;DEGLI OLIGOPEPTIDI;B
702;LA COSTANTE DI MICHAELIS MENTEN (KM)  DI UN ENZIMA E’ UGUALE:;"ALLA CONCENTRAZIONE-
DEL SUBSTRATO ALLA QUALE LA VELOCITA' DI REAZIONE E' MASSIMA";ALLA VELOCITA' MASSIMA CUI PUO' PROCEDERE LA REAZIONE;AL RECIPROCO DELLA VELOCITA' MASSIMA DI REAZIONE;"ALLA CONCENTRAZIONE DI
INIBITORE CHE DIMEZZA LA VELOCITA' MASSIMA";ALLA CONCENTRAZIONE DEL SUBSTRATO ALLA QUALE LA VELOCITA' DI;E
703;Qual è l’azione principale della bile:;emulsione dei grassi;idrolizzazione dei carboidrati;"azione nel metabolismo
proteico";fosforilizzazione di glucosio;"neutralizzazione di
acidi grassi";A
704;"Quali sono i tests più attendibili nella diagnosi
di pancreatite acuta:";bilirubinemia;fosfatasi alcalina;amilasi e lipasi;urobilinogeno;pancreozimina;C
705;GLI ACIDI BILIARI SONO DERIVATI:;DELLE LECITINE;DELLE GLICOPROTEINE;DELL’ERGOSTEROLO;DEL COLESTEROLO;DELL'AC.;D
706;"I VERTEBRATI SUPERIORI SONO IN
GRADO DI EFFETTUARE LA BIOSINTESI:";DI TUTTI GLI AMINOACIDI;DI NESSUN AMINOACIDO;DI ALCUNI AMINOACIDI;"DEGLI AMINOACIDI
GLICOGENICI";"DEGLI AMINOACIDI
CHETOGENICI";C
707;"L’ormone secretina è sintetizzato in quale
organo:";stomaco;colon;fegato;pancreas;duodeno;E
708;IL FABBISOGNO MEDIO GIORNALIERO DI CALCIO PER UN ADULTO OSCILLA INTORNO A:;50 UG/DIE;130 MG/DIE;0,8 G/DIE;5,5 G/DIE;30 G/DIE;C
709;Insufficienza pancreatica, disturbi respiratori cronici ed elevata concentrazione di elettroliti sono osservati in:;morbo celiaco;sprue idiopatica;sindrome da malassorbimento;mucoviscidosi;pancreatite cronica;D
710;"IL FABBISOGNO MEDIO GIORNALIERO DI
VITAMINA B12 PER UN ADULTO OSCILLA INTORNO A:";5 UG/DIE;2 MG/DIE;18 MG/DIE;40 MG/DIE;130 MG/DIE;A
711;Da cosa è caratterizzato un corioncarcinoma:;degenerazione di trofoblasti;invasione trofoblastica;assenza di citotrofoblasti;assenza di sinciziotrofoblasti;corion anormale;B
712;IL FABBISOGNO MEDIO GIORNALIERO DI PROTEINE PER UN ADULTO OSCILLA TRA:;10-15 G/DIE;55-65 G/DIE;80-130 G/DIE;200-270 G/DIE;300-400 G/DIE;B
713;Cosa può causare il cortisone:;sclerosi ossea;cisti ossee;sindrome di Milkaman;osteoporosi;displasia fibrosa;D
Item;Domanda;A;B;C;D;E;OK
714;Dei seguenti microorganismi quali trasformano l’urea provocando urine alcaline:;e. coli;protei;stafilococchi;streptococchi;tutti i precedenti;B
715;"IN QUALE DEI SEGUENTI TESSUTI O
ORGANI L'INSULINA NON AUMENTA L'ASSUNZIONE DI GLUCOSIO:";MUSCOLI SCHELETRICI;MUSCOLO CARDIACO;MUSCOLI LISCI;FEGATO;MUCOSA INTESTINALE;E
716;"QUALE DELLE SEGUENTI SOSTANZE NON STIMOLA, BENSI INIBISCE LA SECREZIONE
DELL'INSULINA:";GLUCOSIO;MANNOEPTUIOSO;LEUCINA;GLUCAGONE;ARGININA;B
717;"Dei seguenti fattori della coagulazione quale è
vitamino-k dipendente:";VIII;IX;XII;tutti i precedenti;nessuno dei precedenti;E
718;"NELL'IPERALDOSTERONISMO PRIMARIO
SI RILEVA UNA DI QUESTE CONDIZIONI :";IPOTENSIONE ARTERIOSA;"DIMINUITA INCREZIONE DI
INSULINA";IPERREFLESSIA;SPOBICARBONATEMIA;IPOPOTASSIEMIA;E
719;La proteinuria di Bence-Jones è presente in:;mieloma multiplo;macroglobulinemia;entrambe le precedenti;cancro della prostata;nessuna;C
720;"Qual è il tratto di maggior assorbimento dei
grassi:";lo stomaco;il duodeno;il digiuno;l’ileo;il colon;C
721;"La conseguenza dell’intervento di tirodectomia
totale?";lesione del nervo ricorrente;ipertiroidismo;tetania;ipotiroidismo;esoftalmo;D
722;Cosa c’è nella sindrome di Gilbert:;un aumento di frequenza;iperbilirubinemia non coniugata;bilirubina coniugata;"aumento dell’attività delle
transferasi";frequenti coliche biliari;B
723;"NELLA CELLULA ANIMALE NON SONO
PRESENTI:";LIPOSOMI;CENTRIOLI;CORPI DI GOLGI;CIGLIA E FLAGELLI;PLASTIDI;E
724;"Qual’è il fattore della coagulazione necessario
sia per il tempo di tromboplastina parziale che per il tempo di protrombina:";XII;X;VII;VIII;IX;B
725;"Un caratteristico indice di laboratorio nella
mononucleosi è:";anemia emolitica;trombocitopenia;"abbassamento delle
transaminasi seriche";leucocitosi linfocitica;tutte le precedenti;D
726;"Nell’infarto miocardico quale dei seguenti
enzimi aumenta per ultimo e rimane elevato per lungo tempo:";SGOT;CPK;LDH;aldolasi;fosfatasi alcalina;C
727;"Ciascuna delle seguenti è una reazione
possibile alla trasfusione di sangue intero eccetto:";febbre;emolisi;orticaria;ipercalcemia;ipocalcemia;D
728;"In quale affezione la fosfatasi alcalina nel siero
è aumentata?";cancro della prostata;cancro dell’ampolla di Vater;parotite epidemica;ulcera duodenale;pancreatite acuta;B
729;"IN QUALE DI QUESTE AFFEZIONI MORBOSE SI RILEVA ABITUALMENTE
LINFOCITOSI?";LINFOMA DI HODGKIN;LINFOSARCOMA;STRESS, TRAUMI;USTIONI ESTESE;TUTTE QUESTE CONDIZIONI;B
Item;Domanda;A;B;C;D;E;OK
730;La notevole diminuzione del colesterolo esterificato nel plasma è indice di sofferenza:;tiroidea;epatica;renale;pancreatica;corticosurrenale;B
731;"Nella distrofia muscolare progressiva c’è una
diminuzione del tasso sanguigno di:";urea;creatinina;creatina;ammoniaca;potassio;C
732;"CARATTERISTICHE DELLE IGE SONO TUTTE QUESTE AD ESCLUSIONE DI UNA.
QUALE?";SONO TERMOLABILI;SONO PRESENTI NELLE SECREZIONI;NON SUPERANO IL FILTRO PLACENTARE;FISSANO IL COMPLEMENTO;"SONO ATTIVE IN QUANTITA'
MINIMALE";D
733;"L'AZIONE «HELPER» DEI LINFOCITI T SI
ESPLICA:";SUI LINFOCITI B;SULLE CELLULE EPITELIALI;"SULLE CELLULE
ENDOTELIALI";SULLE EMAZIE;SULLE PIASTRINE;A
734;"Nello stomaco normale si trovano i seguenti peptidi prodotti da cellule endocrine della mucosa,
meno uno:";serotonina;somatostatina;gastrina;colecistochinina;glucagone (nel feto);D
735;L'INSULINA:;"INIBISCE LA SECREZIONE
GASTRICA DI HCL";"STIMOLA LA SECREZIONE
GASTRICA DI PEPSINA";"INIBISCE LA MOTILITA'
GASTRICA";"INIBISCE LA SECREZIONE
DI";"NON SVOLGE
ALCUNA DI";B
736;"La stimolazione massimale della secrezione
acida gastrica si ottiene con:";pentagastrina;glucagone;secretina;colecistochinina;VIP;A
737;LA CALCITONINA:;INIBISCE IL RIASSORBIMENTO OSSEO;HA EFFETTO IPERCALCEMIZZANTE;HA EFFETTO IPERFOSFOREMIZZANTE;ESALTA IL RIASSORBIMENTO RENALE DEL CALCIO;ESALTA IL RIASSORBIMENTO TUBULARE RENALE DEI FOSFATI;A
738;Cosa si riscontra nella cirrosi biliare primitiva:;aumento di Ig A;aumento di Ig M;ipercolesterolemia;le prime due risposte;"la seconda e la terza
risposta";E
739;"Quali sono elementi caratteristici dell’epatite
acuta da virus C:";epatociti a vetro smerigliato;aumento di Ig M sieriche;"frequenza di doppio picco di
transaminasi";le prime due risposte;"la seconda e la terza
risposta";C
740;L'ENTEROGLUCAGONE STIMOLA LA:;MOTILITA' ENTERICA;SECREZIONE PANCREATICA;SECREZIONE GASTRICA;SECREZIONE ENTERICA;MOTILITA' GASTRICA;D
741;QUALE DELLE SEGUENTI AFFERMAZIONI E' ESATTA:;IL PH NON HA ALCUN EFFETTO SULL'ATTIVITA' ENZIMATICA;L'ATTIVITA' ENZIMATICAAUMENTA ALL'AUMENTARE DEL PH;L'ATTIVITA' ENZIMATICA DIMINUISCE ALL'AUMENTARE DEL PH;GENERALMENTE ESISTE PER CIASCUN ENZIMA UN PH AL QUALE L'ATTIVITA' E' MASSIMA;LA MASSIMA ATTIVITA' ENZIMATICA SI HA AL PH FISIOLOGICO;D
742;Nell’emocromatosi idiopatica è presente:;iperalfa-2-globulinemia;deficit di ferritina sierica;aumento di ferritina sierica;le prime due risposte;la prima e la terza;C
743;"I CHILOMICRONI SONO COSTITUITI
PREVALENTEMENTE DA:";TRIGLICERIDI;FOSFOGLICERIDI;COLESTEROLO;PROTEINE;"ACIDI GRASSI NON
ESTERIFICATI";A
744;"Aumento di gamma-glutamiltrasferasi si
verifica in conseguenza di:";colestasi;abuso etilico cronico;"induzione enzimatica da
farmaci";in a ed in b;"in tutte e tre le
condizioni";E
745;"IL POLISACCARIDE DI RISERVA
PRESENTE NEI TESSUTI ANIMALI E':";L'ALFA-AMILOSO;L'AMILOPECTINA;IL GLICOGENO;I DESTRANI;I MANNANI;C
Item;Domanda;A;B;C;D;E;OK
746;"A cosa è dovuta la siderocromatosi
secondaria:";eccesso di transferrina;eccesso di eritropoietina;talassemia;deficit di < -1-antitripsina;tutte queste condizioni;C
747;"L'ERITROBLASTOSI FETALE E' DOVUTA AD
ANTICORPI DELLA CLASSE:";IGM;IGA;IGG;IGD;IGE;C
748;"NELLA MAGGIOR PARTE DEI CASI L'ERITROBLASTOSI FETALE E' DOVUTA AD
ANTICORPI:";ANTI-E;ANTI-E;ANTI-D;ANTI-C;ANTI-C;C
749;"QUALE E' IL NUMERO DI CROMOSOMI NELLA MADRE DI UN BAMBINO AFFETTO DA
MONGOLISMO DA TRASLOCAZIONE:";46;64;21;23;45;E
750;QUALE E' LA PROBABILITA' CHE DOPO LA NASCITA DI UN INDIVIDUO AFFETTO DA MONGOLISMO SPORADICO, SE NE VERIFICHI UNA SECONDA ANALOGA:;1:40 - 1:80;1:80 - 1:250;1:250 - 1:600;1:600 - 1:1.000;1:1.000 - 1:2.500;A
751;"Alterazioni della coagulazione in corso di
malassorbimento sono dovute a deficit di:";vitamina B1;vitamina A;folati;vitamina K;vitamina B12;D
752;QUALE DEI SEGUENTI CARIOTIPI SI RISCONTRA NELLA SINDROME DI TURNER:;XY;XX;XO;YO;XXY;C
753;"Quale è la sede di assorbimento della vitamina
B12?";ileo distale;ileo prossimale;duodeno;colon;digiuno;A
754;"LA TIREOPATIA NELLA QUALE SI
RISCONTRANO PIU' FREQUENTEMENTE ANTICORPI ANTITIROIDEI E':";LA MALATTIA DI BASEDOW;IL MIXEDEMA PRIMITIVO;IL CARCINOMA TIROIDEO;L'IPOTIROIDISMO CONGENITO;LA TIROIDITE DI HASHIMOTO;E
755;"Nella cirrosi epatica possono essere presenti
una o più delle seguenti alterazioni ormonali, indicare quale/quali:";iperglucagonemia;iperinsulinemia;aumento di ormone somatotropo;la prima e la terza risposta;le prime tre risposte;E
756;"IN QUALI DELLE SEGUENTI MALATTIE SI
RISCONTRA LA PRESENZA DEL CROMOSOMA PHILADELPHIA (PH 1)";LEUCEMIA LINFOBLASTICA CRONICA;LEUCEMIA MIELOIDE CRONICA;SINDROME DI MARFAN;MALATTIA DI HUNTER;OMOCISTINURIA;B
757;"La sintesi di quale dei seguenti fattori della
coagulazione non è K-dipendente?";fattore II;fattore V;fattore VII;fattore IX;fattore X;B
758;"LS ZANZARE SONO VETTORI IN TUTTE LE
SEGUENTI INFEZIONI, ECCETTO UNA:";FEBBRE GIALLA;MALARIA;"FEBBRE DI
TSUTSUGAMASHI";DENGUE;"ENCEFALITE DI S.
LOUIS";C
759;"In quale/quali delle seguenti condizioni si può
verificare iperfosfatasemia alcalina anche senza iperbilirubinemia:";epatocarcinoma;metastasi epatiche;cirrosi biliare primitiva;a+b;a+b+c;E
760;"IN QUALE DEI SEGUENTI CASI
DIMINUISCE LA CALCEMIA:";IPERVITAMINOSI D;ATROFIA OSSEA;MIELOMA MULTIPLO;NEFROSI;"IPERPARATIROIDISM
O";D
Item;Domanda;A;B;C;D;E;OK
761;SI PUO' PRODURRE TOLLERANZA IMMUNOLOGICA SPECIFICA CON UNO DEI SEGUENTI MECCANISMI, ECCETTO UNO, QUALE:;SOMMINISTRAZIONE DI ALTE DOSI DI ANTIGENE;INDUZIONE DI LINFOCITI SOPPRESSORI;PRODUZIONE DIIMMUNOGLOBULINE ANTI-IDIOTIPO;TIMECTOMIA NELL'ADULTO;"SOMMINISTRAZIONE DI
BASSE DOSI DI ANTIGENE";D
762;"Quale componente della bile è necessario per
l’assorbimento intestinale dei grassi:";colesterolo;bilirubina;le prime due risposte;sali biliari;nessuno di questi;D
763;"TUTTE LE SEGUENTI SONO FUNZIONI SVOLTE DALLA MILZA E DAI LINFOCITI NELLA
DIFESA CONTRO LE INFEZIONI, ECCETTO UNA , QUALE:";PRODUZIONE DI ANTICORPI;"CONTATTO INIZIALE TRA GLI ANTIGENI DEI
MICRORGANISMI E LINFICITI, RISULTANTE IN UNA RISPOSTA IMMUNE";FAGOCITOSI;PRODUZIONE DI MONOCITI;RIMOZIONE DI MICRORGANISMI DAL SANGUE O DALLA LINFA;D
764;TUTTE LE SEGUENTI SONO TAPPE DELL'INVASIONE E MOLTIPLICAZIONE DEI VIRUS, ECCETTO UNA, QUALE:;ATTACCO AI RECETTORI DI SUPERFICIE DI CELLULE SENSIBILI;PENETRAZIONE DEL VIRUS NELLA CELLULA;ALTERAZIONE DEL COMPORTAMENTO GENETICO DELLA CELLULA;"LE CELLULE INFETTATE DAL
VIRUS SINTETIZZANO E QUALCHE VOLTA SECERNONO";"NELLE INFEZIONI GRAVI IL
VIRUS PUO' REPLICARSI NEL PLASMA";E
765;La secretina è:;un enzima pancreatico;una tossina batterica;un farmaco colinergico;un ormone ipofisario;nessuno di questi;E
766;UNA CUTIREAZIONE ALLA TUBERCOLINA POSITIVA E' INIZIALMENTE PROMOSSA DA:;POLIMORFONUCEATI NEUTROFILI;IGG;IGE;"LINFOCHINA LIBERATA DA T-
LINFOCITI SENSIBILIZZATI E STIMOLATI";MACROFAGI;D
767;"Quale malattia è caratterizzata da abnorme
produzione di serotonina:";sindrome di Whipple;sindrome di Gardner;sindrome di Zollinger-Ellison;sindrome da carcinoide;tifo addominale;D
768;I sali biliari sono riassorbiti:;"nella terza porzione del
duodeno";nel digiuno terminale;a+b;nell’ileo terminale;in tutto l’ileo;D
769;LA DETERMINAZIONE DEL NUMERO DEI MICRORGANISMI PRESENTI E' UTILE NELLA VALUTAZIONE DELLE CULTURE DI:;SANGUE;LIQUIDO PLEURICO;ESPETTORATO;URINE;FECI;D
770;"LE LESIONI VASCOLARI DELLA SIFILIDE
TERZIARIA INTERESSANO PIU' SPESSO:";AORTA ADDOMINALE;ARTERIA CORONARIA;VENA CAVA INFERIORE;CAROTIDE;"AORTA
ASCENDENTE";E
771;"Delle seguenti sostanze quale viene assorbita
per diffusione passiva:";fruttosio;aminoacidi;vitamina B12;lipidi;sodio;A
772;L'ELUIZIONE DI UNA PROTEINA DA UNA COLONNA CONTENENTE UNA RESINA A SCAMBIO IONICO:;VIENE ESEGUITA UTILIZZANDO GRADIENTI DI CONCENTRAZIONE DI SOSTANZE SALINE;VIENE ESEGUITA UTILIZZANDO GRADIENTI DI FLUSSO DI SOLVENTE;VIENE ESEGUITA UTILIZZANDO SOLVENTI POCO POLARI;VIENE ESEGUITA UTILIZZANDO SOLVENTI APOLARI;VIENE ESEGUITA UTILIZZANDO O CATIONI O ANIONI, SECONDO;A
773;"Nell’intestino tenue quale dei seguenti
parassiti si può localizzare:";ossiuri;echinococco;giardia;tripanosoma cruzii;nessuno di questi;C
774;PER LA SEPARAZIONE DI ACIDI NUCLEICI VIENE COMUNEMENTE IMPIEGATA:;ELETTROFORESI SU CARTA;"ELETTROFORESI SU POLIACRILAMMIDE  (ALTA
CONCENTRAZIONE)";ELETTROFORESI SU AGAR;FOCALIZZAZIONE ISOELETTRICA;"ELETTROFORESI SU ACETATO DI
CELLULOSA";C
Item;Domanda;A;B;C;D;E;OK
775;"Delle seguenti alterazioni ematochimiche quale si trova in tutte le malattie proteino-
disperdenti:";ipoalbuminemia;iperferritinemia;iposideremia;ipoprotrombinemia;ipoglicemia;A
776;PER SEPARARE EFFICIENTEMENTE DUE SPECIE PROTEICHE GLOBULARI DI PESO MOLECOLARE DIFFERENTE:;E' SUFFICIENTE CENTRIFUGARE A VELOCITA' E PER TEMPI ADEGUATI;SARA' OPPORTUNO ESEGUIRE UNA CENTRIFUGAZIONE ISOPICNICA ALL'EQUILIBRIO IN RBCL;SI POTRA' CENTRIFUGARE IN UN GRADIENTE DI SACCAROSIO QUALUNQUE PER UN TEMPO MOLTO LUNGO;SAREBBE UTILE CONOSCERE I COEFFICIENTI DI SEDIMENTAZIONE DELLE SPECIE PROTEICHE IN QUESTIONE;"E' POSSIBILE IMPOSTARE LA
CENTRIFUGAZIONE CONOSCENDO I PESI MOLECOLARI";D
777;"Sull’intestino tenue quale azione ha il
glucacone?";stimola la peristalsi;riduce la peristalsi;"aumenta l’assorbimento degli
zuccheri";"determina aumentata
secrezione di muco";"regola l’assorbimento
di ferro";B
778;"LA FOCALIZZAZIONE ISOELETTRICA VIENE GENERALMENTE UTILIZZATA PER
SEPARARE:";ACIDI NUCLEICI;PROTEINE CON LO STESSO PUNTO ISOELETTRICO;PROTEINE CON LO STESSO PESO MOLECOLARE;PROTEINE CON DIVERSO PUNTO ISOELETTRICO;"ESCLUSIVAMENTE SOSTANZE A BASSO
PESO MOLECOLARE";D
779;Per cosa serve il test allo xilosio?;slatentizzare un diabete latente;"valutare l’assorbimento degli
zuccheri";valutare la funzionalità epatica;"documentare un deficit di
disaccaridi";nessuno di questi;B
780;"Qual è la sede preferenziale di assorbimento
dell’acido folico?";stomaco;duodeno;intestino prossimale;ileo;colon;C
781;LA CROMATOGRAFIA SU STRATO SOTTILE:;VIENE UTILIZZATA PER LA SEPARAZIONE DI PROTEINE;"PUOI ESSERE UTILIZZATA PER LA SEPARAZIONE DI
LIPIDI";"NON PUOI ESSERE UTILIZZATA PER LA
SEPARAZIONE DI LECITINE";"RICHIEDE SOLO ED IN OGNI
CASO UNA FASE MOBILE";"RICHIEDE SOLO ED IN OGNI
CASO UNA FASE";B
782;La bilirubina da cosa deriva?;dal colesterolo;dalle lipofuscine;dalla ferritina;dall’eme;da nessuna di queste;D
783;UN AMINOACIDO HA UN PK UGUALE A 5, 5 MIGRA AL POLO:;"NEGATIVO SE POSTO IN UN CAMPO ELETTRICO IN UN
TAMPONE A PH 6";"POSITIVO SE POSTO IN UN CAMPO ELETTRICO IN UN
TAMPONE A PH 4";"NEGATIVO SE POSTO IN UN CAMPOELETTRICO IN UN
TAMPONE A PH 4";"NEGATIVO SE POSTO IN UN
CAMPO ELETTRICO IN UN";"POSITIVO SE POSTO IN UN
CAMPO ELETTRICO";C
784;I sali biliari sono:;derivati dal colesterolo;aminoacidi;pentosi;esosi;polipeptidi;A
785;QUALE DEI SEGUENTI PARAMETRI O PROPRIETA' E' POSSIBILE RICAVARE DA ESPERIMENTI DI ULTRACENTRIFUGAZIONE:;PESO MOLECOLARE E PUNTO ISOELETTRICO;DENSITA' E COEFFICIENTE DI SEDIMENTAZIONE;NATURA DELLA SPECIE MOLECOLARE E COEFFICIENTE DI SEDIMENTAZIONE;FORMA, PUNTO ISOELETTRICO E COEFFICIENTE DI SEDIMENTAZIONE;NESSUNA DELLE PRECEDENTI;B
786;La funzione della colecisti è:;secrezione della bile;accumulo della bile;sterilizzazione della bile;filtrazione del sangue portale;"digestione degli
alimenti";B
787;I ROTORI PER ULTRACENTRIFUGA:;SONO SOLO VERTICALI;SONO SOLO AD ANGOLO FISSO;SONO SOLO A BRACCIO OSCILLANTE;SONO FABBRICATI IN ALLUMINIO (ALTEVELOCITA') O TITANIO (BASSE VELOCITA');"SONO CLASSIFICATI CON
LETTERE DELL'ALFABETO E POSSONO ESSERE UTILIZZATI SOLO CON CENTRIFUGHE";D
788;La principale funzione della bile è:;apporto di energia agli epatociti;escrezione di acido urico;metabolizzazione di farmaci;"facilitazione
dell’assorbimento";pulizia dell’intestino;D
Item;Domanda;A;B;C;D;E;OK
789;LA CENTRIFUGAZIONE ISOPICNICA:;"SEPARA SPECIE
MOLECOLARI SULLA BASE DEL PESO MOLECOLARE";SEPARA SPECIE MOLECOLARI SULLA BASE DELLA DIMENSIONE MOLECOLARE;SEPARA SPECIE MOLECOLARI SULLA BASE DEL PESO SPECIFICO;NON PUO' ESSERE UTILIZZATA PER SEPARARE ACIDI NUCLEICI A DOPPIO FILAMENTO DA QUELLI A FILAMENTO SINGOLO;SEPARA MACROMOLECOLE CARICHE DA MACROMOLECOLE NEUTRE;C
790;"LA PRESENZA DI UN DETERGENTE  ANIONICO COME IL SODIO DODECILSOLFATO COMUNEMENTE IMPIEGATA NELLA
ELETTROFORESI DI MISCELE DI PROTEINE SU GELS DI POLIACRILAMMIDE:";HA LA FUNZIONE DI DETERGERE LE PROTEINE PRIMA DI CARICARLE SUL GEL;RENDE UGUALE IL RAPPORTO CARICA/MASSA IN TUTTE LE SPECIE PROTEICHE;RENDE DIVERSO IL RAPPORTO CARICA/MASSA IN TUTTE LE SPECIE PROTEICHE;E' UTILIZZATA MA NON E' NECESSARIA PER LA SEPARAZIONE DELLE PROTEINE;HA LA FUNZIONE DI MANTENERE LE PROTEINE ALLO STATO NATIVO DURANTE LE MANIPOLAZIONI;B
791;"Si può osservare l’elevazione dei livelli sierici di uno dei seguenti enzimi in corso di patologia
biliare:";pseudocolinesterasi;creatinfosfochinasi;fosfatasi alcalina;fosfatasi acida;latticodeidrogenasi;C
792;"A cosa si accompagna un’ostruzione biliare
protratta:";ipercolesterolemia;ipocolesterolemia;iperglicemia;ipertrigliceridemia;ipercalcemia;A
793;INDICARE QUALE DELLE SEGUENTI AFFERMAZIONI E’ ERRATA:;L'ATTIVITA' DI ALCUNI ENZIMI E' REGOLATA MEDIANTE MODIFICAZIONI COVALENTI REVERSIBILI;IL MECCANISMO DELL'INIBIZIONE FEED- BACK RAPPRESENTA UN MECCANISMO DI REGOLAZIONE DI INTERE VIE METANOLICHE;NEGLI ORGANISMI  SUPERIORI ALCUNE ATTIVITA' ENZIMATICHE SONO REGOLATE DAGLI ORMONI;L’ AMP CICLICO E' UN SECONDO MESSAGGERO INTRACELLULARE CHE PUO' STIMOLARE O DEPRIMERE ALCUNI ENZIMI;"NELL'INIBIZIONE FEED-
BACK IL PRODOTTO FINALE DELLA REAZIONE GENERALMENTE INIBISCE L'ENZIMA";E
794;INDICARE QUALE DELLE SEGUENTI AFFERMAZIONI, RIGUARDANTI LA REAZIONE DI FOSFORILAZIONE FRUTTOSIO-6-FOSFATO + ATP A FRUTTOSIO 1-6 DIFOSFATO + ADP, E' ERRATA:;L'ENZIMA CHE CATALIZZA QUESTA REAZIONE (PFK) E' UN ENZIMA ALLOSTERICO;E' UNA REAZIONE REVERSIBILE NELLE CONDIZIONI CELLULARI;E' INIBITA DA ALTE CONCENTRAZIONI DI ATP E CITRATO;E' STIMOLATA DA BASSE CONCENTRAZIONI DI ACIDI GRASSI;LA REAZIONE CATALIZZATA DALLA PFK E' LA PRINCIPALE REAZIONE LIMITANTE LA;B
795;Che ghiandola è il pancreas?;tubulare semplice;tubulare ramificata;tubulo-alveolare;tubulo-acinosa;mista;D
796;"Il principale componente inorganico del
secreto pancreatico è:";cloruro di sodio;ferro;fosfati;bicarbonati;carbonato;D
797;INDICARE QUALE DELLE SEGUENTI AFFERMAZIONI RIGUARDANTI IL METABOLISMO DEL GLICOGENO E' ERRATA:;LA GLICOGENOLISI E: E LA GLICOGENOSINTESI SONO PROCESSI REGOLATI ATTRAVERSO UNA CASCATA ENZIMATICA INNESCATA DALL'ADRENALINA;LA GLICOGENO FOSFORILASI FOSFORILATA E LA GLICOGENO SINTETASI DEFOSFORILATA SONO LE FORME ENZIMATICHE ATTIVE;"L'ENZIMA DERAMIFICANTE E' RESPONSABILE DELL'IDROLISI DEI LEGAMI
ALFA (1-4) GLICOSIDICI DELLA MOLECOLA DI GLICOGENO";LA REAZIONE CHIAVE DELLA BIOSINTESI DEL GLICOGENO E' LA FORMAZIONE DELL'UDP-GLUCOSIO;"L'ATTIVAZIONE DELLA GLICOGENO FOSFORILASI E
DELLA GLICOGENO SINTETASI CONSISTE IN";C
798;Cosa sono i granuli che si osservano al microscopio elettronico nelle cellule pancreatiche?;depositi di ferro;depositi di rame;zimogeni;liposomi;mitocondri;C
Item;Domanda;A;B;C;D;E;OK
799;INDICARE QUALI DELLE SEGUIMI AFFERMAZIONI E' ERRATA:;L'ENZIMA ESOCHINASI PROMUOVE LA FOSFORILAZIONE NON SOLO DEL D-GLUCOSIO, MA ANCHE DI ALTRI ESOSI;IL LATTATO PRODOTTO A LIVELLO MUSCOLARE VIENE ASSORBITO DAL FEGATO E TRASFORMATO IN GLUCOSIO ATTRAVERSO LA GLUCONEOGENESI;LA CITRATO SINTETASI CATALIZZA UNA REAZIONE DI CONDENSAZIONE NEL CICLO DELL'ACIDO CITRICO;GLI ENZIMI DEL COMPLESSO MULTIENZIMATICO DELLA PIRUVATO DEIDRO GENASI NON SONO SOTTOPOSTI AD ALCUN TIPO DI REGOLAZIONE;"LA GLUCONEOGENESI E'
UNA VIA METABOLICA ENERGETICAMENTE DISPENDIOSA";D
800;INDICARE L'AFFERMAZIONE ERRATA RELATIVA ALLA BIOSINTESI DEGLI ACIDI GRASSI:;E' CATALIZZATA DAGLI STESSI ENZIMI DELLA BETA OSSIDAZIONE;L'ENZIMA ACETIL-COA CARBOSSILASI CATALIZZA LA FORMAZIONE DEL MALONIL-COA A PARTIRE DALL'ACETIL-COA;IL COMPLESSO MULTIENZIMATICO DELL'ACIDO GRASSO SINTETASI E' FORMATO DA SEI PROTEINE ENZIMATICHE PIU' L'ACP (ACYL CARRIER PROTEIN);IL NADPH FORNISCE EQUIVALENTI RIDUCENTI PER LA SINTESI DEGLI ACIDI GRASSI;LA BIOSINTESI DEGLI ACIDI GRASSI AVVIENE NEL CITOPLASMA;A
801;E’ comune nella cirrosi epatica il rilievo di:;"disprotidemia
iperalbuminemica";ipoprotrombinemia;ipogammaglobulinemia;"rapida totale escrezione
della";diminuita bilirubinemia;B
802;"Nella cirrosi epatica l’iperbilirubinemia è
dovuta:";esclusivamente a iperemolisi;"esclusivamente a lesioni
epatocellulari";"esclusivamente a colestasi
intraepatica";"a tutte e tre queste
condizioni";a nessuna di queste;D
803;INDICARE QUALE DELLE SEGUENTI AFFERMAZIONI E' ERRATA:;LA REAZIONE CATALIZZATA DALLA FOSFOFRUTTOCHINASI (PFK) E' LA PRINCIPALE REAZIONE LIMITANTE LA VELOCITA' DELLA GLICOLISI;L'ENZIMA ESOCHINASI CATALIZZA LA FOSFORILAZIONE NON SOLO DEL D-GLUCOSIO MA ANCHE DI ALTRI ESOSI;IL LATTATO PRODOTTO A LIVELLO MUSCOLARE VIENE TRASFORMATO NEL FEGATO IN GLUCOSIO ATTRAVERSO LA GLUCONEOGENESI;LA GLUCONEOGENESI E' UNA VIA METABOLICA ENERGETICAMENTE DISPENDIOSA;"LA REAZIONE CATALIZZATA DALLI ENZIMA
PIRUVICO CHINASI E' REVERSIBILE IN CONDIZIONI FISIOLOGICHE";E
804;"Per il 20% la bilirubina è un pigmento che
origina:";dalla eritropoiesi inefficace;dal catabolismo della catalasi;dal catabolismo dei citocromi;"dal catabolismo della
mioglobulina";da tutte queste fonti;E
805;INDICARE QUALE DELLE SEGUENTI AFFERMAZIONI RIGUARDANTI IL CICLO DI 1KREBS E' ERRATA:;LA CITRATO SINTETASI CATALIZZA UNA REAZIONE DI CONDENSAZIONE TRA L'OSSALACETATO E L'ACETIL COA;LA REAZIONE CATALIZZATA DALLA PIRUVATO DEIDROGENASI E' REVERSIBILE IN CONDIZIONI FISIOLOGICHE;LE REAZIONI ANAPLEROTICHE SONO NECESSARIE PER RIFORNIRE IL CICLO DI KREBS DI INTERMEDI;TUTTE LE REAZIONI ENZIMATICHE DEL CICLO DEGLI ACIDI TRICARBOSSILICI SI VERIFICANO NEL COMPARTIMENTO INTERNO DEL MITOCONDRIO;"LA FORMAZIONE DI GTP
DURANTE L'OSSIDAZIONE DELL'ACIDO ALFA CHETOGLUCARICO AD ACIDO SUCCINICO E' UN";B
806;L’antigene HbsAg nella maggioranza dei pazienti affetti da epatite virale :;"compare nel siero durante il periodo di incubazione
dell’infezione acuta";persiste per tutta la durata della malattia;scompare abitualmente dal circolo nella convalescenza;non si comporta secondo queste caratteristiche;"si comporta secondo queste
caratteristiche";E
Item;Domanda;A;B;C;D;E;OK
807;INDICARE L' AFFERMAZIONE ERRATA RELATIVA ALLA BIOSINTESI DEGLI ACIDI GRASSI :;E' UNA VIA BIOSINTETICA CHE SI VERIFICA NEL CITOPLASMA;GLI EQUIVALENTI RIDUCENTI SONO FORNITI DAL NADPH;E' CATALIZZATA DAGLI STESSI ENZIMI DELLA BETA OSSIDAZIONE;L'ENZIMA ACETIL-COA CARBOSSILASI,  CHE CATALIZZA LA FORMAZIONE DEL MALONIL-COA A PARTIRE DALL'ACETIL COA CONTIENE LA BIOTINA COME GRUPPO PROSTETICO;L'ACIDO GRASSO SINTETASI E' UN COMPLESSO MULTIENZIMATICO COSTITUITO DA VARIE PROTEINE ENZIMATICHE E DALL'ACP (ACYL CARRIER PROTEIN);C
808;"Nell’emacromatosi, o diabete bronzino, quali di
questi reperti è sempre assente:";polidipsia;pigmentazione cutanea;osteoartropatia;"iposideremia con
ipertransferrinemia";epatomegalia;D
809;"Generalmente il periodo di incubazione
dell’epatite da virus A è:";150-180 giorni;80-100 giorni;60-80 giorni;40-60 giorni;20-40 giorni;A
810;INDICARE TRA LE SEGUENTI AFFERMAZIONI QUELLA ESATTA:;L'IDROLISI DEI TRIGLICERIDI AD OPERA DELLA LIPASI E' INDIPENDENTE DALL'AZIONE DELL'AMP CICLICO;LA CARNITINA FUNZIONA DA TRASPORTATORE DEGLI ACIDI GRASSI A LUNGA CATENA DURANTE LA LORO SINTESI;DURANTE IL DIGIUNO L'ACETIL-COA VIENE UTILIZZATO PER LA SINTESI DEI CORPI CHETONICI;GLI ACIDI GRASSI, PRESENTI NEI TRIGLICERIDI CONTENGONO UNA CORTA CATENA IDROCARBURICA ED UN;"LA DEGRADAZIONE DEGLI
ACIDI GRASSI E' INDIPENDENTE DALLA CONCENTRAZIONE";C
811;INDICARE QUALE AFFERMAZIONE E' ESATTA:;NELL'UOMO NON VIENE SINTETIZZATO IL COLESTEROLO;LE LIPOPROTEINE SONO COMPLESSI MACROMOLECOLARI DEPUTATI SOLO AL TRASPORTO DEGLI ESTERI DEL COLESTEROLO;"I COENZIMI RIDOTTI PRODOTTI DURANTE LA BETA-OSSIDAZIONE (FADH2
E NADH) VENGONO RIUTILIZZATI PER LA SINTESI DEGLI ACIDI GRASSI";"L'IDROLISI ENZIMATICA DEI
TRIGLICERIDI NON E' SOTTO CONTROLLO ORMONALE";LA BETA-OSSIDAZIONE DEGLI ACIDI GRASSI AVVIENE NELLA MATRICE MITOCONDRIALE;E
812;"Fra le intossicazioni alimentari la più temibile
per l’uomo è quella dovuta a:";salmonella Sant-Paul;streptococcus faecalis;tossina botulinica;enterotossina stafilococcica;"clostridium perfrigens
tipo A";C
813;INDICARE QUALE DELLE SEGUENTI AFFERMAZIONI E' ERRATA:;LE TRANSAMINASI POSSIEDONO COME GRUPPO PROSTETICO IL PIRIDOSSALFOSFATO;TUTTI GLI AMINOACIDI SONO SIA GLUCOGENICI CHE CHETOGENICI;LA MAGGIOR PARTE DEI GRUPPI AMINICI DERIVANTI DAL CATABOLISMO DEGLI AMINOACIDI VIENE CONVERTITA IN UREA;LE TRANSAMINASI CATALIZZANO REAZIONI REVERSIBILI;LA GLUTAMMICO DEIDROGENASI PUO' UTILIZZARE COME ACCETTORE DI ELETTRONI SIA IL;B
814;I parametri più utili per monitorare l’attività del processo infiammatorio nella epatite cronica sono:;sali biliari totali;bilirubinemia frazionata;transaminasi e gammaglobuline sieriche;tempo di protrombina;alfafetoproteina;C
815;"Nel carcinoma epatico primitivo è di frequente
riscontro:";iperalbuminemia;ipoglobulinemia;riduzione della criglobulina;"presenza di emoglobina
fetale";ipocupremia;D
816;INDICARE LA RISPOSTA ERRATA RELATIVA ALLA SINTESI DELL'UREA:;PER SINTETIZZARE UNA MOLECOLA DI UREA E' NECESSARIA L'IDROLISI DITRE MOLECOLE DI ATP;IL CICLO DELL'ORNITINA FORNISCE INTERMEDI PER IL CICLO DI KREBS;L'AMMONIACA E' TOSSICA PERCHE' SOTTRAE ACIDO ALFA-CHETOGLUTARICO AL CICLO DI KREBS;SOLO GLI ANIMALI UROTELICI POSSIEDONO GRANDI QUANTITA' DI ARGINASI, ENZIMA CHE CATALIZZA L'ULTIMA REAZIONE DEL CICLO;"IL CICLO DELL 'ORNITINA E' UN CICLO
ENERGETICAMENTE VANTAGGIOSO";E
Item;Domanda;A;B;C;D;E;OK
817;QUANTE ORE DI DIGIUNO SI DEVONO OSSERVARE PRIMA DI ESEGUIRE UN PRELIEVO DI SANGUE PER UN TEST DI LABORATORIO:;1-2 ORE;5-8 ORE;6-10 ORE;12-18 ORE;NON E' INDISPENSABILE ESEGUIRE ILPRELIEVO A;C
818;Si rileva nella pancreatite acuta:;ipoglicemia;leucocitosi neutrofila intensa;ipercalcemia;amilasemia normale;amilasemia diminuita;B
819;L'EMOLISI FISICA SI VERIFICA:;CONSERVANDO IL CAMPIONE AL CALORE;PER LA PRESENZA DI SOSTANZE CHIMICHE NELLA PROVETTA DEL PRELIEVO;PER LA PRESENZA IN CIRCOLO DI EMOLISINE;PER UNA PRESSIONE ECCESSIVA ESERCITATA SULLO STANTUFFO DELLA SIRINGA;"PER LA PRESENZA DI
SOLVENTI NELLA SIRINGA";A
820;Quale dei seguenti effetti è normalmente legato all’attività fisiologica della gastrina:;stimolazione della secrezione di acido cloridrico;stimolazione dell’increzione di CCK;accelerazione del vuotamento gastrico;"stimolazione della secrezione
di bicarbonati";contrazione della colecisti;A
821;"PER LE INDAGINI EMATOLOGICHE DI
ROUTINE SI PUO' ESEGUIRE IL PRELIEVO:";DAL TALLONE;DAL DITO;DALLA VENA;"DAL LOBULO
DELL'ORECCHIO";"IN TUTTE LE ZONE
CITATE";E
822;Una gastrinemia superiore a 1000 pg/ml è:;sindrome di Zollinger-Ellison;sindrome di Menetrier;sindrome di Mallory-Weiss;sindrome di Werner-Morrison;"sindrome di Peutz-
Jeghers";A
823;"I peptidi della famiglia della secretina non
comprendono:";GIP;glucagone;motilina;secretina;VIP;C
824;"QUALE TIPO DI ANTICOAGULANTE E' PARTICOLARMENTE INDICATO PER L'ESAME
EMOCROMOCITOMETRICO:";LITIO EPARINA;EDTA 0 FLUORURO;EDTA O SODIO EPARINA;CITRATO DI SODIO TRIBASICO;OSSALATO DI POTASSIO;C
825;SAPENDO CHE IL PESO MOLECOLARE DEL TSH E'DI 28.000 DALTON E DOVENDO PREPARARE  1 ML DI UNA SOLUZIONE 1PM, QUANTO TSH SI DEVE PESARE?;280 PG;28 PG;2,8 PG;0,28 PG;0,028 PG;B
826;"Quale dei seguenti ormoni stimola la
secrezione di enzimi pancreatici:";colecistochinina;gastrina;secretina;enterogastrone;VIP;A
827;HO UNA SOLUZIONE MOLARE DI TRIS HCL E DEVO PREPARARE UNA SOLUZIONE MICROMOLARE. QUALE DILUIZIONE DEVO SCEGLIERE ?;1/100;1/1000;1/10.000;1/100.000;1/1.000.000;E
828;"Quale dei seguenti ormoni incrementa il
volume di secreto pancreatico:";gastrina;colecistochinina;secretina;enterogastrone;GIP;C
829;L'ASSUNZIONE CON GLI ALIMENTI DI TIOCIANATI ABBASSA I LIVELLI SIERICI DI:;CORTISOLO;GH;INSULINA;TIROXINA;ESTRADIOLO;D
830;"Un buon marker sierologico del cancro
pancreatico è:";l’alfafetoproteina;Ca 19-9;Ca 125;NSE;TPA;B
831;"IL RIPOSO A LETTO E LA POSTURA
POSSONO INFLUENZARE LA CONCENTRAZIONE NEL SANGUE DI:";EMOGLCBINA;CALCIO;COLESTEROLO;BILIRUBINA;TUTTE LE SOPRA CITATE;E
832;Il virus dell’epatite C (HCV) è:;"un virus difettivo, simile ai
viroidi";"un virus a RNA a singola
catena, senza capside";"un virus a RNA a singola
catena, con capside";"un virus a RNA a doppia
catena";un virus a DNA;C
Item;Domanda;A;B;C;D;E;OK
833;"L’aumento della glicemia dopo
somministrazione prolungata di cortisolo è legata a:";attivazione della gluconeogenesi;attivazione della glicogenolisi;diminuita captazione periferica del glucosio;aumentata lipolisi;"aumentata produzione di
glucagone";A
834;"L'EMOZIONE E LO STRESS DANNO LUOGO
AD ALCUNE VARIAZIONI, QUALE DI QUESTE E' ESATTA?";DIMINUZIONE DELL'ESCREZIONE URINARIA DI CATECOLAMINE;DIMINUZIONE DELL'ESCREZIONE URINARIA DI VASOPRESSINA;DIMINUZIONE DEL COLESTEROLO;DIMINUZIONE DI ADRENALINA;DIMINUZIONE DEGLI ORMONI TIROIDEI;C
835;"Il corticosurrene è istologicamente organizzato
in strati definiti:";"glomerulare, fascicolare,
reticolare";"glomerulare, interstiziale,
midollare";"glomerulare, reticolare,
fascicolare";in nessuno di questi modi;non esiste stadiazione;A
836;La somministrazione endovenosa di TRH in soggetti normali causa la liberazione in circolo di quali di questi ormoni anteroipofisari?;ACTH;GH;FSH;PRL;LH;D
837;"Quale di questi prodotti è capace di attivare le
fosfodiesterasi:";ATPasi;glicosidasi;calmodulina;prostaglandine;proteina G;C
838;Gli steroidi glicoattivi hanno:;17 atomi di carbonio;19 atomi di carbonio;20 atomi di carbonio;21 atomi di carbonio;27 atomi di carbonio;D
839;I cristalli di Reinke sono tipici delle:;cellule ossifile parafollicolari;cellule reticolari timiche;cellule di Leydig;corteccia cerebellare;corteccia cerebrale;C
840;La perdita di un cromosoma con conseguente monosomia parziale rappresenta:;traslocazione;traslocazione bilanciata;isocromosoma;delezione;inversione pericentrica;D
841;Qual è la struttura chimica della < -endorfina:;amminoacidica;glicoproteica;polipeptidica;steroidea;lipoproteica;C
842;Quali enzimi cellulari sono attivati dal cAMP:;glicosidasi;chinasi;lipasi;polimerasi;fosfodiesterasi;B
843;L’HPL è un ormone:;steroideo;mucopolisaccaridico;peptidico;lipoproteico;glucidico;C
844;"L’ormone somatotropo aumenta in tutte queste
condizioni tranne che dopo:";digiuno;estrogeni;esercizio fisico;iperglicemia;arginina;D
845;"Nel soggetto normale la somministrazione di
TRH provoca:";solo secrezione di TSH;secrezione di TSH e HPRL;secrezione di TSH ed ACTH;"secrezione di TSH, LH ed
FSH";"secrezione di TSH ed
GH";B
846;"Quale delle seguenti neoplasie ha una
prognosi migliore:";carcinoma follicolare;carcinoma papillifero;carcinoma midollare;carcinoma squamoso;carcinoma anaplastico;B
847;"La terapia nell’ipotiroidismo congenito va
iniziata :";"quanto più precocemente
possibile";dopo i tre mesi di vita;dopo i sei mesi di vita;dopo il primo anno di vita;alla pubertà;A
848;"Quale ormone anteroipofisario inibisce la
somatostatina:";nessuno;PRL;HGH;FSH;LH;C
849;"L’enzima che manca nella zona glomerulare
della corticale del surrene è:";21-idrossilasi;17-alfa-idrossilasi;11-beta idrossilasi;3-beta-olo-deidrogenasi;desmolasi;B
850;Le cellule ossifile delle paratiroidi presentano:;un apparato di Golgi assai ben sviluppato;un apparato di Golgi poco sviluppato;non presentano apparato di Golgi;un apparato di Golgi a tre camere;"un apparato di Golgi che non
presenta facce";C
851;Cosa si osserva nella sindrome di Kallman:;deficit isolato di gonadotropine ed anosmia o iposmia;elevati valori di gonadotropine ed anosmia o iposmia;normali valori di gonadotropine e normale risposta all’LH-RH;elevati valori del testosterone plasmatico;"bassi valori del testosterone
plasmatico ed elevati";A
852;La struttura chimica dell’LH-RH è:;proteica;glicoproteica;peptidica;steroidea;lipoproteica;C
Item;Domanda;A;B;C;D;E;OK
853;"Da quante sub-unità è formato l’adenilato
ciclasi?";2;3;4;6;1;A
854;"Quale terapia è indicata nell’ipotiroidismo
secondario:";TSH;iodio;tiroxina;TRH;dopamina;C
855;Ormone che inibisce la lipolisi:;insulina;glucagone;LH;GH;tiroxina;A
856;"Come è istochimicamente la colloide presente
nell’interno del follicolo tiroideo:";PAS negativa;PAS negativa e metacromatica;PAS positiva;positiva al Sudan;Feulgen positiva;C
857;La struttura chimica della somatostatina è:;aminoacidica;polipeptidica;glicoproteica;steroidea;lipoproteica;B
858;"L’HCG (gonadotropina corionica) è una
glicoproteina affine a:";HPRL;progesterone;HGH;LH;TSH;D
859;"Dove avviene la sintesi degli ormoni proteici e
polipeptidici:";"nei ribosomi del reticolo
endoplasmatico ruvido";"attraverso trasformazioni
enzimatiche";nei lisosomi;nel nucleo;nei mitocondri;A
860;Qual è il substrato delle fosfodiesterasi:;glicoproteina;fosfolipide;proteina;lipidi;nucleotidi;E
861;Caratterizza l’ormone adrenocorticotropo:;viene secreto in maggiore quantità quando il livello di cortisolo circolante  decresce;è secreto da neuroni i cui pirenofori risiedono nell’ipotalamo;ha un’azione più potente sulla secrezione di aldosterone che su quella di  cortisolo;"viene secreto sotto controllo da
un fattore inibente ipotalamico";"ha una concentrazione plasmatica costante durante le
24 ore del giorno";A
862;"Di questi ormoni quale inibisce la sintesi e la
secrezione dell’ACTH ipofisario:";progesterone;androstenedione;aldosterone;estrogeni;cortisolo;E
863;Come si comporta la secrezione dell’ormone dell’accrescimento:;aumenta durante il sonno;diminuisce nel digiuno;tende a produrre un bilancio negativo del potassio;tende a produrre un bilancio positivo del sodio;diminuisce significativamente l’escrezione del calcio e del magnesio;A
864;"Di cosa si parla quando all’esistenza di ovaie
fa riscontro la presenza di genitali ambigui, più o meno differenziati in senso maschile:";pseudoermafroditismo femminile;disgenesia gonadica con fenotipo maschile;pseudoermafroditismo maschile;ermafroditismo vero;"disgenesia gonadica con
fenotipo femminile";A
865;"Nel diabete insipido quale dei seguenti ormoni
è carente:";insulina;ossitocina;glucagone;vasopressina;beta-endorfina;D
866;"Tra questi ormoni quale ha nella sua struttura
19 atomi di carbonio:";progesterone;corticosterone;aldosterone;testosterone;estradiolo;D
867;"Quale è il precursore più importante
dell’estriolo in gravidanza:";deidroepiandrosterone;deidroepiandrosterone fetale;androstenedione materno;testosterone materno;testosterone fetale;B
868;Caratterizza l’insulina:;è una proteina con struttura quaternaria;"viene secreta in minore quantità quando aumenta
l’attività vagale";stimola la secrezione di acidi grassi dal tessuto adiposo;tende ad innalzare il tasso ematico di K;"è identica in tutte le specie di
mammiferi";A
869;"La gonade primitiva appare identica nei due
sessi ed è potenzialmente bisessuale nelle prime:";6 settimane di vita;8 settimane di vita;10 settimane di vita;12 settimane di vita;14 settimane di vita;A
870;"Per la liberazione di quali di questi ormoni
antero-ipofisari la somministrazione endovenosa di LH-RH viene utilizzata come test diagnostico:";TSH;PRL;LH ed FSH;ACTH;TSH e PRL;C
Item;Domanda;A;B;C;D;E;OK
871;"L’assenza o carenza di 18-idrossilasi
determina una deficienza della sintesi di:";delta 4-androsterone;deidroepiandrosterone;corticosterone;aldosterone;progesterone;D
872;Com’è secreto l’estriolo nell’urina materna:;libero;coniugato;libero e coniugato;legato a proteine;non è secreto;B
873;Cosa sono aumentati nell’iperparatiroidismo:;osteoblasti;osteoclasti;osteoblasti ed osteoclasti;nessuna cellula;cellule C della tiroide;C
874;Il gene induttore dell’HY (antigene di istocompatibilità) la cui attivazione fa differenziare la gonade embrionale indifferenziata in testicolo è localizzato su:;le braccia corte del cromosoma X in zona pericentromerica;le braccia lunghe del cromosoma X in zona pericentromerica;le braccia corte del cromosoma Y in zona distale;le braccia corte del cromosoma Y in zona distale pericentromerica;le braccia lunghe del cromosoma Y in zona distale;D
875;"Quali sono i livelli di GH nella sindrome di
Turner:";normali;diminuiti;aumentati;variabili a seconda dell’età;senza ritmo circadiano;A
876;L’effetto della 5-alfa-reduttasi è:;"convertire il testosterone in
estrione";"trasformare il testosterone in
diidrotestosterone";inattivare il cortisolo;"trasformare il 17-beta-
estradiolo in estrone";"trasformare il
progesterone in";B
877;La placenta per quanto riguarda la produzione di ormoni steroidei è :;"un organo incompleto, essendo in grado di convertire
precursori in ormoni  steroidei, ma non di sintetizzarli direttamente";in grado di sintetizzarli direttamente;incapace di produrre ormoni steroidei;in grado di produrre ormoni solo dopo il 7°mese di gravidanza;"in grado di produrre ormoni
incompleti";A
878;"Quale ormone è prodotto a livello del nucleo
sopraottico ipotalamico:";GH-RH;LH-RH;TRH;vasopressina;GIF;D
879;Di cosa è indice l’estriolo:;funzione surrenalica;funzione fetale;funzione placentare;funzione fetoplacentare;funzione ovarica;D
880;Alla pubertà il picco di LH è:;assente;diurno;notturno;"in rapporto al picco del
cortisolo";variabile;C
881;"Delle seguenti sostanze quale stimola direttamente o indirettamente l’increzione di
ACTH:";anfenone;metopirone;bromocriptina;ciproterone;desametasone;B
882;"Dopo quanto tempo si verifica il picco di TSH
dopo somministrazione e.v. di TRH:";5-10 minuti;20-30 minuti;1 ora;2 ore;5 ore;B
883;La struttura chimica del CRH è:;polipeptidica;aminoacidica;glicoproteica;steroidea;lipoproteica;B
884;"Da cosa è caratterizzato nell’ipotiroidismo lo
sviluppo somatico:";nanoinfantilismo disarmonico;ipoevolutismo armonico;gigantismo;normoevolutismo somatico;habitus eunucoide;A
885;Gli “inhibiting factors” ed i “releasing factors” ipotalamici raggiungono l’adenoipofisi attraverso:;arteria cerebrale media;arteria carotide interna;arteria retrochiasmatica;sistema portale ipofisario;seno petroso;D
886;Che azione hanno i glicocorticoidi:;"facilitano il riassorbimento del
sodio da parte del rene";"fanno diminuire il numero di
globuli bianchi";"stimolano la crescita del
tessuto linfatico";"diminuiscono la velocità di
filtrazione glomerulare";"favoriscono la sintesi
proteica";A
887;Come modificano la beta-endorfina ed i farmaci oppiacei i livelli plasmatici di prolattina:;aumentano;diminuiscono;non modificano;comportamento variabile con l’età;"comportamento
variabile con il sesso";A
888;Da cosa è caratterizzata la menopausa precoce:;"amenorrea,
normogonadotropismo, ipoestrogenismo";"amenorrea,
ipergonadotropismo, ipoestrogenismo";"amenorrea,
ipogonadotropismo, ipoestrogenismo";"oligomenorrea,
ipogonadotropismo, ipoestrogenismo";"ipomenorrea,
ipogonadotropismo, ipoestrogenismo";B
889;La transcortina è:;una catecolamina;"un enzima della corticale del
surrene";l’albumina vettrice del cortisolo;"la globulina vettrice del
cortisolo";un ormone surrenale;D
Item;Domanda;A;B;C;D;E;OK
890;"Il valore del testosterone plasmatico nella
sindrome di Morris o sindrome del testicolo femminilizzante è:";estremamente elevato;uguale a quello del maschio normale;uguale a quello della donna normale;uguale a quello di un bambino;estremamente basso;B
891;La percentuale di carboidrati nella struttura chimica della prolattina e del GH è del:;0%;15-20%;22-30%;40-50%;100%;A
892;Come si comporta la secrezione dell’ormone somatotropo:;cessa quando termina il periodo di accrescimento;"diminuisce nelle condizioni di stress come quelle provocate da
una ferita";"aumenta durante il digiuno e negli stati in cui il livello ematico
si riduce";"nel tessuto adiposo provoca aumentato accumulo di
trigliceridi";"aumenta la dimensione dei
corpi cellulari";C
893;"Da cosa derivano le cellule C parafollicolari
della tiroide:";dalle creste neurali;dal sacco vitellino;dalle cellule follicolari (tireociti);"dalle creste genitali (solo per
la";dal midollo osseo;A
894;"Le subunità degli ormoni LH, FSH, e TSH
sono:";1;2;3;4;5;B
895;"Quale proteina trasporta in circolo gli ormoni
tiroidei:";transcortina;tireoglobulina;transferrina;prealbumina;alfa-fetoproteina;D
896;"Quale può essere un’anomalia irreversibile
dovuta ad un trattamento ritardato dell’ipotiroidismo congenito:";disgenesia ipofisaria;deficit di crescita;deficit intellettivo;ittero neonatale;macroglossia;C
897;Da cosa è caratterizzata la sindrome di Morris:;"cariotipo XXY, habitus maschile, presenza di testicoli,
statura alta";"cariotipo XXY, habitus femminile, presenza di ovaie,
utero piccolo";"cariotipo 46 XY, habitus eunucoide, utero infantile, streak
gonads";"cariotipo 46XY, habitus femminile, assenza di utero,
presenza di testicoli";"cariotipo 46 XY, habitus
maschile, assenza di";D
898;Da cosa è caratterizzata la disgenesia gonadica pura:;cariotipo XO, fenotipo femminile, ipergonadotropismo, ovaie disgenetiche;cariotipo XX, fenotipo femminile, ipergonadotropismo, ovaie disgenetiche;cariotipo XXX, fenotipo femminile, ipoevolutismo sessuale, ovaie ipoplastiche;cariotipo XO/XX, fenotipo femminile, ipergonadotropismo, ovaie disgenetiche;cariotipo XX, fenotipo femminile, ipergonadotropismo, ovaie normali;B
899;Caratterizza il paratormone:;è una glicoproteina;"provoca l’aumento di  escrezione di calcio da parte del
rene";fa aumentare il livello di fosfato nel siero;"aumenta nel sangue per aumento del fosforo
plasmatico";"insieme con la vitamina D
stimola la liberazione";E
900;In cosa differisce l’adrenalina dalla noradrenalina:;costringe i vasi ematici delle membrane mucose;aumenta il livello ematico del glucosio;riduce le resistenze periferiche;provoca lipolisi nel tessuto adiposo senza l’effetto permissivo dei glucocorticoidi;non è catabolizzata dalle MAO;C
901;Come si comporta il calcio del siero:;è approssimativamente ionizzato all’80%;ha una concentrazione di circa 10mg/100ml;diventa meno ionizzato quando il pH del sangue diminuisce;influenza la velocità di produzione del paratormone mediante un’azione sull’ipotalamo;tende ad aumentare con l’età;B
902;"In quale di queste condizioni la colesterolemia
è diminuita:";ipercorticosurrenalismo;iperaldosteronismo;iperparatiroidismo;ipertiroidismo;diabete;D
903;"Di questi prodotti quale regola la sintesi ed il
rilascio degli ormoni paratiroidei:";calcio;fosforo;magnesio;manganese;ferro;A
904;I livelli del cortisolo plasmatico nel soggetto normale sono strettamente correlati:;alla degradazione del cortisolo da parte del fegato;ai livelli di sodiemia;ai livelli di potassiemia;ai livelli di ACTH nel sangue;"ai livelli di aldosterone nel
sangue";D
905;Da cosa è caratterizzato l’ovaio policistico tipico:;normale LH, elevato FSH, diminuzione di estradiolo;normale LH, aumento del testosterone e dell’estradiolo;normale LH, aumento di androstenedione ed estradiolo;aumento di LH, testosterone ed estradiolo;"aumento di LH, androstenedione ed
estrone";E
Item;Domanda;A;B;C;D;E;OK
906;Come agisce la secrezione delle catecolamine da parte della midollare del surrene:;"provoca un aumento del livello ematico del glucosio favorendo la glicogenolisi nel fegato e
nei muscoli";fa diminuire il livello degli acidi grassi liberi e dei corpi chetonici;fa aumentare il flusso ematico muscolare e splancnico;si eleva quando vengono stimolate le fibre parasimpatiche dirette della ghiandola surrenale;è indispensabile alla vita;A
907;"Nell’induzione dell’ovulazione durante la
somministrazione di gonadotropine è necessario monitorare:";FSH;LH;estradiolo;estriolo;progesterone;C
908;"A cosa può essere dovuta la sindrome di
Klinefelter:";"non disgiunzione meiotica
materna";"non disgiunzione meiotica
paterna";"precoce non disgiunzione
mitotica";tutte le cause sopradette;"nessuna delle cause
sopradette";D
909;"Cosa aumenta in caso di assenza di 21-
idrossilasi:";cortisone;estrogeni;androgeni;progesterone;aldosterone;C
910;L’insulina regola i livelli ematici del:;magnesio;calcio;glucosio;ferro;fosforo;C
911;"L’ormone che esplica un’azione legandosi ad
un recettore nucleare è:";ormone paratiroideo;noradrenalina;estradiolo;ACTH;prolattina;C
912;"Da chi è sintetizzato nel testicolo il
testosterone:";dalle cellule di Sertoli;dai tubuli seminiferi;dagli spermatogoni;dalle cellule di Leydig;dagli spermatociti;D
913;Quali sono i principali neurotrasmettitori  interessati alla regolazione dei neuroni ipotalamici:;dopamina;norepinefrina;serotonina;tutti quelli su citati;nessuno di quelli su citati;D
914;"Quali sono i livelli di testosterone plasmatico
nel maschio adulto normale:";25-50 ng/100 ml;50-200 ng/100 ml;350-900 ng/100ml;3-5 mcg/100ml;5-10 mcg/100 ml;C
915;Qual è la forma attiva del testosterone:;diidrotestosterone;testosterone libero;testosterone solfato;testosterone glicuronato;"testosterone legato alla
proteina vettrice";A
916;"Di quale ormone il pregnenolone è un
precursore biosintetico:";tiroxina;insulina;cortisolo;adenocorticotropo;melanocitostimolante;C
917;Da quali cellule ipofisarie è prodotta la PRL:;eosinofile;basofile;eosinofile e basofile;cromofobe;"pars posteriore
dell’ipofisi";A
918;Da chi è prodotta la renina:;fegato;rene;pancreas;nuclei diencefalici;polmone;B
919;"Dell’azione di quale ormone le somatomedine
sono mediatori:";insulina;prolattina;gonadotropina;ormone somatotropo;tireotropina;D
920;La stimolazione farmacologica dei recettori nicotinici colinergici stimola la liberazione in circolo del seguente ormone:;TSH;vasopressina;FSH;LH;ACTH;B
921;Dove è presente l’enzima adenilato ciclasi:;lisosomi;membrane;citoplasma;mitocondri;nucleo;B
922;"Mediante quale enzima attivato l’interazione
tra ormone polipeptidico e recettore specifico di membrana porta all’aumento della produzione di AMP-ciclico intracellulare:";guanilato-ciclasi;fosfoesterasi;adenilato ciclasi;fosfolipasi A2;esochinasi;C
923;Cosa può provocare l’iperprolattinemia:;sterilità;diabete mellito;ipertensione;anoressia;agalattia;A
924;Che farmaco è la bromocriptina:;dopaminergico;antidopaminergico;serotoninergico;antiserotoninergico;colinergico;A
925;Il dosaggio dell’HCS (somatomammotopina corionica) è:;un indice attendibile della funzionalità placentare;un indice inattendibile della funzionalità placentare;"un indice inattendibile della funzionalità placentare e
attendibile del sacco vitellino";attendibile solo nei tumori ovarici;"non esiste al momento attuale
un metodo per dosare";A
Item;Domanda;A;B;C;D;E;OK
926;"L’effetto dell’L-DOPA sulle concentrazioni
plasmatiche di prolattina è:";iperprolattinemizzante;nullo;ipoprolattinemizzante;variabile con l’età;variabile con il sesso;C
927;"Quale terapia è indicata nella sindrome di
Turner tipica:";estrogeni;estrogeni e progesterone;gonadotropine;medrossiprogesterone;androgeni;B
928;"Quali sono i test utilizzati per stimolare
l’increzione di HGH:";test all’arginina;test all’insulina;test all’L-DOPA;test alla vasopressina;tutti i suddetti;E
929;Quale può essere causa di ipopituitarismo:;adenoma cromofobo;tubercolosi;sarcoidosi;tutte le suddette;nessuna delle suddette;D
930;Qual è un test per valutare la riserva di ACTH:;test al metopirone;test di soppressione con T3;test di stimolo con L-DOPA;"test di inibizione con
desametazone";"test di stimolo con Gn-
RH";A
931;"Da cosa può essere stimolata l’increzione di
prolattina:";TRH;reserpina;clorpromazina;tutti i suddetti;nessuno dei suddetti;D
932;La sindrome di Albright include:;iperparatiroidismo;ipertiroidismo;displasia fibrosa;anoressia;dimagrimento;C
933;"A quale condizione può essere associata
l’iperprolattinemia da adenoma ipofisario:";alterazioni del ciclo mestruale;galattorea;riduzione dei campi visivi;cefalea;"aumento delle
gonadotropine";E
934;"Di queste sostanze quali interferiscono con
l’increzione di prolattina:";< -bloccanti;steroidi contraccettivi;bromocriptina;tutti i precedenti;nessuno dei precedenti;D
935;Cosa può stimolare l’increzione di ADH:;"diminuzione del volume
intravascolare";"diminuzione dell’osmolarità
plasmatica";alcool;dieta ricca di sale;arginina;A
936;"A cosa può essere associata la sindrome di
inappropriata increzione di ADH:";diabete mellito;mixedema;carcinoma broncogeno;tubercolosi;encefalite;A
937;"Qual è la direzione del flusso ematico nel
sistema portale ipofisario:";dall’ipotalamo all’ipofisi;dall’ipofisi all’ipotalamo;"soggetta a cambi dipendenti
dallo stato ormonale";tutte le precedenti;"nessuna delle
precedenti";A
938;A cosa si riferisce il termine feed-back corto:;meccanismo di soppressione da parte degli ormoni delle ghiandole   periferiche sull’ipotalamo;meccanismo di soppressione degli ormoni delle ghiandole periferiche sulle   ghiandole stesse;meccanismo di soppressione dell’ipotalamo da parte degli ormoni ipofisari;meccanismo di soppressione dell’ipotalamo da parte degli ormoni ipotalamici;nessuna delle precedenti;C
939;"Cosa include la risposta neurogenica
ormonale alla suzione:";rilascio di ossitocina;rilascio di prolattina;"inibizione del rilascio delle
gonadotropine";tutte le precedenti;"nessuna delle
precedenti";D
940;"In quali condizioni non è elevata la prolattina
plasmatica?";"tumori ipofisari ACTH
secernenti";tumori ipofisari TSH secernenti;insufficienza renale;craniofaringioma;tireotossicosi;E
941;"Qual è l’indagine più accurata per porre
diagnosi differenziale tra ipotiroidismo primitivo e secondario:";T4;TSH;test di stimolo con TSH;test di soppressione con T3;captazione dello I 131;B
942;A cosa può essere secondario il gozzo:;deficienza di iodio;ipopituitarismo;eccesso di ormoni tiroidei;tutte le precedenti;"nessuna delle suddette
cause";A
943;Non è sintomo iniziale del morbo di Basedow:;l’esoftalmo;il dimagrimento;la fibrillazione atriale;il gozzo;la stipsi;E
944;"Il TSH plasmatico si eleva esageratamente
dopo TRH in:";ipotiroidismo primitivo;"ipertiroidismo da morbo di
Basedow";"ipertiroidismo da gozzo
nodulare";"ipotiroidismo da
ipopituitarismo";"i soggetti che
assumono dosi";A
Item;Domanda;A;B;C;D;E;OK
945;"Il carcinoma midollare della tiroide non
secerne:";ormoni tiroidei;ACTH;calcitonina;paratormone;prostaglandine;A
946;"Le alterazioni ematologiche associate
all’ipotiroidismo possono essere:";"anemia ipocromica
microcitemica";"anemia normocromica
normocitemica";anemia normocromica;bassi livelli di vitamina B12;tutte le suddette;E
947;"Un ragazzo di 5 anni con ipotiroidismo da 2
anni può presentare:";ritardo di crescita;criptorchidismo;ritardo mentale;costipazione;nessuno di questi;A
948;"Quale dei seguenti dati di laboratorio non è
riscontrato nell’iperplasia surrenale congenita da deficit della 21-idrossilasi:";aumento del testosterone plasmatico;aumento del pregnantriolo urinario;aumento dei 17-chetosteroidi;aumento dell’ACTH;aumento del cortisolo;E
949;La somministrazione di metopirone:;blocca la produzione di idrocortisone;è pericolosa in pazienti con adenoma surrenalico;diminuisce gli idrossisteroidi urinari;diminuisce l’increzione di ACTH;"è utile soprattutto per valutare
la funzione";A
950;La secrezione di aldosterone è aumentata da:;somministrazione di potassio;renina;"somministrazione acuta di
ACTH";tutte le precedenti;"nessuna delle
precedenti";D
951;Il test al metopirone è basato su:;blocco dell’11 < -idrossilasi;"inibizione della produzione di
cortisolo";"caduta dei livelli della
cortisolemia";tutti i precedenti;nessuno dei precedenti;D
952;"Quale dei seguenti sintomi confortano la
diagnosi di iperaldosteronismo primitivo?";iperincrezione di ACTH;aumento della renina;iposodiemia;tutti i precedenti;nessuno dei precedenti;E
953;"A causa di quale blocco enzimatico l’iperplasia
congenita causa virilizzazione:";parziale della 21 idrossilasi;totale della 21 idrossilasi;della 11 idrossilasi;di tutti i suddetti;di nessuno dei suddetti;D
954;Nel morbo di Addison è possibile riscontrare:;iperpotassiemia;ipersodiemia;iperfosforemia;ipopotassiemia;ipocalcemia;A
955;Livelli plasmatici elevati di renina sono riscontrabili in:;iperaldosteronismo primario;cirrosi epatica;ingestione di liquirizia;"carcinoma surrenalico con iperincrezione di
mineralcorticoidi";epatite acuta;B
956;Il fruttosio del liquido seminale deriva da:;didimo;epididimo;vescicole seminali;prostata;tutte le precedenti;C
957;"Una diminuita secrezione di aldosterone può
provocare:";acidosi;alcalosi;ipokaliemia;ipercalcemia;ipersodiemia;A
958;"La fosfatasi acida del liquido seminale deriva
da:";epididimo;didimo;vescicole seminali;prostata;tutte le precedenti;D
959;I livelli del calcio sierico possono essere alti:;"nell’intossicazione da vitamina
D";nell’iperparatiroidismo;nel carcinoma mammario;tutte le evenienze suddette;"nessuna delle
evenienze";D
960;La calcemia può essere bassa-normale in:;ipoparatiroidismo;malattia renale cronica;osteomalacia;tutte le evenienze suddette;"nessuna delle
evenienze";D
961;"L’increzione di paratormone è regolata
principalmente:";dal livello della calcemia;dal livello della fosfatemia;dal livello della kaliemia;dal livello della cloremia;"dal livello
dell’aldosterone";A
962;Nell’iperparatiroidismo:;il calcio urinario è basso;il calcio sierico è alto;l’idrossiprolina urinaria è bassa;il potassio sierico è basso;"nessuna delle
precedenti";B
963;Una deficiente risposta dell’AMP-ciclico renale al paratormone è presente in pazienti con:;pseudoipoparatiroidismo;pseudopseudoipoparatiroidism o;ipoparatiroidismo da ablazione chirurgica delle paratiroidi;ipoparatiroidismo idiopatico;iperparatiroidismo primario;A
964;"Lo pseudoipoparatiroidismo è comunemente
associato a:";"normale risposta agli estratti
paratiroidei";normali livelli di calcio e fosforo;atrofia delle paratiroidi;"presenza di anticorpi
paratiroidei";bassa statura;E
Item;Domanda;A;B;C;D;E;OK
965;Nell’adulto con osteomalacia ed ipofosfatemia:;"la calcemia è normale o
leggermente aumentata";la fosforemia è alta;la fosfatasi alcalina è elevata;la calcemia è diminuita;la glicemia è elevata;C
966;La fosfatasi alcalina è spesso elevata:;nel morbo di Paget;nell’iperparatiroidismo;nell’osteomalacia;tutte le evenienze suddette;"nessuna delle
evenienze";D
967;In quale caso è aumentata l’idrossiprolina?;acromegalia;nell’ipotiroidismo;nell’ipoparatiroidismo;nella malnutrizione;nel diabete insipido;A
968;"Nel morbo di Paget sono vere tutte le seguenti
affermazioni tranne che:";la calcemia è normale;la calciuria è normale;la fosfatasi alcalina è normale;la fosforemia è normale;"l’aspetto istologico
delle ossa è";C
969;Le seguenti alterazioni istologiche del testicolo sono presenti nella sindrome di Klinefelter tranne:;assenza delle fibre elastiche reticolari intorno alla tunica propria;ialinizzazione e fibrosi dei tubuli seminiferi;tubuli seminiferi immaturi con epitelio germinale indifferenziato;"scarsità di elementi cellulari nei
tubuli seminiferi";"iperplasia delle cellule di
Leydig";C
970;Nella cirrosi epatica:;la produzione di testosterone è ridotta;l’estradiolo è sempre elevato;vi è una buona correlazione tra estradiolo e ginecomastia;nessuna delle eventualità suddette;tutte le eventualità suddette;A
971;L’interleuchina 1:;è una citochina;stimola l’ACTH;stimola il GRH;tutte le precedenti;nessuna delle;D
972;"Quale dei seguenti tumori ovarici non produce
androgeni:";teratoma;arrenoblastoma;"tumore a cellule della
granulosa e della teca";disgerminoma;tumore a cellule dell’ilo;A
973;"Tumori funzionanti delle cellule di Leydig
producono elevata quantità di:";LH;FSH;testosterone;PRL;"nessuna delle
precedenti";C
974;"L’osteoporosi post menopausale è dovuta ad
una delle seguenti cause:";età;deficit di estrogeni;"aumento degli ormoni
corticosurrenalici";"diminuita assunzione di
proteine";"nessuna delle
precedenti";B
975;"La sindrome di Klinefelter è associata con il
cariotipo:";46, XX;46, XY;45, X;46, XX/46,XY;47, XXY;E
976;La sindrome di Klinefelter può includere:;cariotipo 47,XXY;ginecomastia;"testicoli piccoli e di consistenza
aumentata";aumento delle gonadotropine;"tutte le evenienze
suddette";E
977;"Il genotipo nella femminilizzazione testicolare
è:";46, XX;46, XY;45,X;46, XX/46,XY;47,XXY;B
978;"La secrezione di ADH è influenzata dai
seguenti fattori tranne che:";dagli ormoni tiroidei;dall’osmolarità plasmatica;dal volume plasmatico;dalla nicotina;dai glucocorticoidi;A
979;Cosa avviene nel diabete insipido:;"la funzione corticosurrenalica è
alterata";"vi è iponatriemia ed
ipocloremia";la pressione arteriosa è alta;sono presenti edemi;"la funzione renale è
alterata";B
980;"Quale condizione non determina l’aumento
dell’eritropoietina?";testosterone esogeno;ipotiroidismo;feocromocitoma;epatoma;ipernefroma;B
981;Inibiscono la secrezione di insulina:;epinefrina;glucagone;glicocorticoidi;GH;ormoni tiroidei;A
982;"Ritardo della maturazione ossea può essere
dovuto a:";deficienza di GH;deficienza di ormoni tiroidei;eccesso di glucocorticoidi;difetto di androgeni;tutti i precedenti;E
983;"La mancanza di diidrotestosterone nel feto
può provocare:";ambiguità dei genitali;atrofia dei dotti di Wolff;"sviluppo delle strutture
mulleriane";nessuna delle precedenti;tutte le precedenti;A
984;"Fattori che provocano il picco ovulatorio di LH
sono:";estrogeni;progesterone;FSH;tutti i precedenti;nessuno dei precedenti;A
985;La cromatina di Barr si ricerca:;nella mucosa orale;nel sangue periferico;nel midollo osseo;nel liquido seminale;tutte le precedenti;A
986;"Quale dei seguenti test non è usato per la
valutazione della riserva di GH:";ipoglicemia insulinica;L-DOPA;infusione di arginina;vasopressina;sforzo fisico;D
987;Il ritmo circadiano del cortisolo è causato da:;"variazioni della sensibilità
surrenalica all’ACTH";"variazioni della clerance
metabolica del corticolo";"variazioni delle affinità delle
transcortine";"fluttuazioni della secrezione
di";"nessuna delle suddette
evenienze";D
988;"In condizioni fisiologiche la maggior quota di
T3 nei tessuti periferici deriva da:";scissione della tireoglobulina;"monodesiodazione
extratiroidea della T4";copulazione di MIT e DIT;"iodazione intratiroidea della
DIT";"monodesiodazione
intratiroidea";B
Item;Domanda;A;B;C;D;E;OK
989;"Il precursore immediato nella biosintesi
testicolare del testosterone è:";delta 4 androstenedione;DHEA;17-idrossi-progesterone;epiandrosterone;"17-idrossi-
pregnenolone";A
990;"Quale delle seguenti evenienze possono
dipendere da un’insufficiente secrezione fetale di testosterone:";sindrome di Klinefelter;scarsa differenziazione dei dotti di Wolff;formazione di utero e tube;nessuna delle precedenti;tutte le precedenti;E
991;"Quali dei seguenti neurormoni ipotalamici ha
la sequenza amminoacidica più lunga:";ossitocina;vasopressina;GH-RH;somatostatina;TRH;D
992;"La forma maggiormente polimerizzata del
glicogeno nell’epatocita è:";glicogeno gamma;glicogeno beta;glicogeno alfa;"fruttosio in forma
polimerizzata";"maltosio in forma
ramificata";C
993;Le cellule acidofile dell’adenoipofisi sono:;"le meno numerose tra tutte le
cellule dell’adenoipofisi";"le più numerose tra tutte le
cellule dell’adenoipofisi";"elementi di derivazione
mesenchimale";cellule di transizione;"cellule di
degenerazione";B
994;Il tireocita ha una polarità funzionale:;le giunzioni di membrana si trovano alla sua base;il nucleo si trova all’apice della cellula;le giunzioni di membrana si trovano all’apice della cellula;"i microvilli si trovano sul lato
basale della membrana plasmatica";"il RER si trova all’apice della
cellula";C
995;La iodazione delle tironine della tireoglobulina avviene:;all’interno del tireocita;nel complesso di Golgi;nel reticolo endoplasmatico rugoso;"all’interfacie tra membrana
plasmatica apicale e cavità follicolare";nel REL;D
996;"Quando cominciano a funzionare le cellule di
Leydig del testicolo:";alla pubertà;durante lo sviluppo embrionale;"nell’intervallo tra la nascità e la
pubertà";alla nascita;subito dopo la nascita;B
997;Nel tireocita i lisosomi:;interagiscono con i granuli di secreto della cellula;"demoliscono i vacuoli di
endocitosi contenenti sostanza colloide";sono granuli non funzionanti;estrudono il loro contenuto all’esterno della cellula;determinano la lisi della cellula;B
998;"Il complesso del Golgi della cellula del cortico-
surrene:";non ha alcuna funzione;"serve per la solfatazione
dell’ormone steroideo";"veicola il colesterolo
esterificato";"funge da deposito
dell’ormone";"concorre alla
formazione";B
999;La cellula del Sertoli si trova:;nell’ovaio embrionale;"nel corticosurrene degli
invertebrati";nei tubuli seminiferi;nel pancreas endocrino;"nell’epitelio
dell’epididimo";C
1000;Le cellule ossifile delle paratiroidi:;producono gonadotropine;"contengono un elevato numero
di mitocondri";"sono implicate nel
metabolismo della vitamina D";"contengono abbondante
REL e";"sono cellule di
rimpiazzo";B
1001;"Le cellule della teca interna del follicolo
ovarico:";producono il liquor folliculi;"originano dall’epitelio
germinativo";producono ormoni estrogeni;"degenerano dopo
l’ovulazione";producono l’insulina;C
1002;La malattia di Hashimoto è:;encefalite giapponese;malattia da radiazioni;malattia della tiroide;"malattia dll’apparato
locomotore";sindrome poliendocrina;C
1003;"La sindrome adrenogenitale dell’adulto è
sostenuta da:";tumori surrenalici funzionanti;tumori del testicolo;paratite epidemica;carcinoma della prostata;disgerminoma;A
1004;Il test al Gn-RH serve a discriminare:;un deficit ipofisario da un deficit ipotalamico;un deficit ipotalamico da un deficit ovarico;un deficit ipofisario da un deficit ovarico;"un’alterazione dei meccanismi
di feed-back";"un deficit di produzione di FSH
da un deficit di";A
1005;Nella mola vescicolare si riscontra:;"un flusso mestruale
abbondante";elevato progesterone;elevato HCG;elevato 17 OH progesterone;elevato estriolo;C
1006;Dove agisce l’ACTH:;sulla midollare del surrene;sulla tiroide;sulla corticale del surrene;sull’ovaio;sull’ipofisi;C
1007;"Quale effetto sul metabolismo del glucosio ha
il cortisolo:";iperglicemico;ipoglicemico;non agisce sulla glicemia;"iperglicemico ed
ipoglicemico";"inibitorio sulla sintesi
del";A
1008;Dove agisce l’ormone follicolo-stimolante:;sul follicolo ovarico;"sul follicolo ovarico e sulla teca
esterna";sulla ghiandola mammaria;sull’utero;sulle tube ovariche;B
Item;Domanda;A;B;C;D;E;OK
1009;Dove agisce l’aldosterone a livello renale:;sul tubulo renale prossimale;sul tubulo renale distale;sul glomerulo renale;"sulla branca discendente
dell’ansa di Henle";sulle arterie arciformi;B
1010;"Quali sono gli organi bersaglio del
paratormone:";il rene;il tessuto osseo;il rene, il tessuto osseo;il rene, il tessuto adiposo;il muscolo scheletrico;C
1011;Quali ormoni presentano un effetto calorigeno:;ormoni tiroidei;ormoni corticosteroidi;ACTH;FSH;LH;A
1012;"Quale effetto ha l’ormone della crescita nel
tessuto adiposo:";lipogenetico;lipolitico;nessun effetto;"attivatore del trasporto di
amminoacidi";"attivatore del trasporto
del";B
1013;Quale ormone determina l’ovulazione:;la prolattina;l’ormone follicolo-stimolante;l’ormone luteinizzante;l’ossitocina;l’ormone della crescita;C
1014;Le malattie che si associano al carcinoma midollare della tiroide possono comprendere:;iperparatiroidismo;feocromocitoma;neurofibromatosi;nessuna delle suddette;tutte le suddette;E
1015;Il TSH:;è una glicoproteina;ha una struttura monomerica;"è l’unico fattore trofico della
tiroide";"ha una subunità beta in
comune con l’LH";tutte le precedenti;A
1016;L’increzione di GH è stimolata da:;lisin-vasopressina;L-dopa;glucagone;tutte le suddette;nessuna delle suddette;D
1017;L’LH:;è una glicoproteina;ha una struttura monomerica;è l’unico fattore trofico della gonade;ha una subunità beta in comune col TSH;tutte le precedenti;A
1018;"Livelli plasmatici elevati di renina si riscontrano
in:";iperaldosteronismo primario;epatite acuta;carcinoma surrenalico;tutte le precedenti condizioni;"nessuna delle
precedenti";E
1019;Il deficit di cortisolo può causare:;pallore;iperglicemia;ipercloremia;tutti i sintomi suddetti;nessuno dei sintomi;E
1020;Quale delle seguenti cause può provocare insufficienza corticosurrenalica:;amiloidosi e sarcoidosi;tubercolosi;metaplasie bilaterali;tutte le precedenti;nessuna delle precedenti;D
1021;"In quale di queste condizioni i livelli plasmatici
di prolattina sono elevati:";carcinoma delle mammella;ipertiroidismo;panipopituitarismo;tutte le condizioni suddette;"nessuna delle
condizioni";E
