Item;Domanda;A;B;C;D;E;OK
1;La dose da radiazioni ionizzanti, misurata in rad o gray, ricevuta da una persona esprime:;l’energia assorbita dall’unità di volume della persona;l’energia assorbita dall’intera persona;l’energia assorbita dall’unità di massa della persona;l’energia trasportata dalle radiazioni che colpiscono l’intera persona;"l’energia trasportata dalle
radiazioni che colpiscono l’unità di";C
2;QUALE DELLE SEGUENTI ESPRESSIONI RAPPRESENTA CORRETTAMENTE LA RELAZIONE TRA VOLUME E TEMPERATURA A PRESSIONE COSTANTE?;V = V (1 + KT);VT = V T/ (1 + KT);V T = V 0/ KT;V T = V 0 (1 + KT);NESSUNA DI QUESTE;D
3;QUALE DELLE SEGUENTI ESPRESSIONI CONSENTE DI CALCOLARE LA P DI 1800G DI OSSIGENO (PM 18) IN UNA BOMBOLA DA 30 LITRI A 25 GRADI CENTIGRADI:;P = NRT/V;P = TV/NR;P = NV/RT;P= RV/NT;NESSUNA DI QUESTE;A
4;L’introne è:;"un secreto organico che
stimola una risposta in un altro organismo";una proteina secreta da cellule in risposta ad un’infezione virale;una regione del gene che non viene tradotta;"una proteina basica basata sul
DNA";"un gruppo di geni
adiacenti che cooperano insieme";C
5;L’FSH:;"non svolge alcuna funzione
biologica nel maschio";"induce la fase secretiva del
ciclo uterino";"ha come bersaglio le cellule
del Leydig";è un ormone steroide;"ha come bersaglio le
cellule";E
6;"QUALE DELLE SEGUENTI ESPRESSIONI CONSENTE DI CALCOLARE LE PRESSIONI PARZIALI (P) DEI SINGOLI GAS IN UNA MISCELA COSTITUITA DA: N2 7996, O2
21%, CO2 0,04%";P = P NT/NX;P = P NX/NT;P = NX RT/V;P = PRT/3;NESSUNA'DI QUESTE;B
7;IL PH DEL SANGUE E' REGOLATO DALL'EQUILIBRIO H2CO3 = H+ +HCO3. NELL'ACIDOSI RESPIRATORIA SCOMPENSATA SI HA:;AUMENTO DELLO IONE BICARBONATO;AUMENTO DELL'ACIDO CARBONICO;AUMENTO DELL'ACIDO CARBONICO E DELLO IONE BICARBONATO;DIMINUZIONE DELLO IONE BICARBONATO;NESSUNA DELLE PRECEDENTI AFFERMAZIONI E' CORRETTA;B
8;"La differenza di glucosio -6-fosfato
deidrogenasi:";non è ereditaria;è autosomica dominante;è autosomica recessiva;è legata al cromosoma Y;"è legata al cromosoma
X";E
9;"IL VALORE NORMALE DEL PH DEL SANGUE E' 7,4: IN CASO DI ALCALOSI
COMPENSATA IL PH DEL SANGUE:";AUMENTA NOTEVOLMENTE;DIMINUISCE NOTEVOLMENTE;RIMANE INVARIATO;AUMENTA DI POCO;DIMINUISCE DI POCO;C
10;La meiosi:;avviene nella fase G2 del ciclo cellulare;"è un meccanismo di moltiplicazione delle cellule
somatiche";favorisce la ricombinazione genica;produce cellule diploidi;nella donna dura 14 giorni;C
11;UNA SOLUZIONE 0, 1 M DI NH4CL PRESENTERA' UN VALORE DI PH:;MINORE DI 7;UGUALE A 7;MAGGIORE DI 7;UGUALE A 8;NESSUNA DELLE PRECEDENTI AFFERMAZIONI E' CORRETTA;A
12;Le endonucleasi di restrizione sono:;enzimi pancreatici;"fattori di terminazione della
sintesi proteica";enzimi lisosomiali;"enzimi che tagliano il DNA in
punti specifici";"enzimi che saldano
segmenti";D
13;UNA SOLUZIONE TAMPONE SI OTTIBNE MESCOLANDO:;UN ACIDO FORTE CON UNA BASE FORTE;UN ACIDO DEBOLE CON UNA BASE DEBOLE;UN ACIDO DEBOLE COL RISPETTIVO SALE DI UNA BASE FORTE;IL SALE DI UNA BASE FORTE COL SALE DI UN ACIDO FORTE;NESSUNA DELLE PRECEDENTI AFFERMAZIONI E' CORRETTA;C
Item;Domanda;A;B;C;D;E;OK
14;"Il reincrocio è:
L'ESPRESSIONE CORRETTA DELL'EQUAZIONE DI HENDERSON- HASSELBACH E’";"un qualunque tipo di incrocio in genetica
PH = PKA + LOG (ACIDO)/(SALE)";"l’incrocio fra un individuo fenotipicamente dominante e l’omozigote recessivo
PKA = PH + LOG (SALE)/(ACIDO)";"un incrocio di individui strettamente imparentati
PH = PKA - LOG (SALE)/(ACIDO)";"lo scambio fra i cromatidi di due cromosomi omologhi appaiati in meiosi
PH = PKA + LOG (SALE)/(ACIDO)";"un tipo di riproduzione sessuale presente in alcuni protozoi
NESSUNA DELLE PRECEDENTI";"B
D"
15;;;;;;;
16;La deriva genetica è:;una variazione della frequenza genica dovuta al caso e non alla selezione naturale;una mutazione genica per transizione;una mutazione genica per transversione;"uno sfasamento della cornice
di lettura di un gene";"una mutazione genica per
perdita di un nucleotide";A
17;"DELLE COPPIE ACIDO SALE RIPORTATE, QUALE SI PUO' CONSIDERARE UN SISTEMA
TAMPONE FISIOLOGICO?";ACIDO NITRICO - NITRATO;ACIDO CARBONICO - CARBONATO;ACIDO SOLFORICO - SOLFATO;ACIDO ACETICO - ACETATO;NESSUNO DI QUESTI;B
18;L’accrescimento di una popolazione naturale:;è rappresentato da una retta;"è rappresentato da una curva
sigmoide";è illimitato;"è espresso dalla formula di
Hardy-Weinberg";"è indispensabile alla
densità";B
19;SE TRA UNA SOLUZIONE ED IL SOLVENTE PURO INTERPONIAMO UNA MEMBRANA SEMIPERMEABILE POSSIAMO MISURARE UN DEFINITO LIVELLO PRESSORIO (PRESSIONE OSMOTICA), IL VALORE MISURATO INDICA:;LA PRESSIONE DA ESERCITARE SULLA SOLUZIONE PER INSTAURARE L'EQUI LIBRIO DEL SOLUTO AI DUE LATI DELLA MEMBRANA;LA PRESSIONE DA ESERCITARE SULLA SOLUZIONE PER IMPEDIRE IL PASSAGGIO DEL SOLUTO ATTRAVERSO LA MENBRANA;LA PRESSIONE DA ESERCITARE SULLA SOLUZIONE PER FAR PASSARE IL SOLUTO DA UN LATO ALL'ALTRO DELLA MEMBRANA;LA PRESSIONE DA ESERCITARE SULLA SOLUZIONE PER IMPEDIRE IL PASSAGGIO DEL SOLVENTE ATTRAVERSO LA MEMBRANA;NESSUNA DELLE PRECEDENTI;D
20;"Nelle cellule eucariotiche il DNA si replica
durante la :";profase;anafase;fase S;fase G1;metafase;C
21;"La fonte immediata di energia nella
contrazione muscolare è:";ADP;ATP;glicogeno;acido lattico;glucosio;B
22;"LA PRESSIONE OSMOTICA DI UNA SOLUZIONE CONTENENTE N MOLI DI SOLUTO
(NON ELETTROLITA) IN V LITRI DI SOLUZIONE B, E' ESPRESSA DALLA RELAZIONE:";PO = NVRT;PO = RT/NV;PO = NV/RT;PO = NRT/V;DA NESSUNA DI QUESTE;D
23;Quale delle seguenti molecole forma ponti idrogeno con la adenina durante la trascrizione:;aminoacilsintetasi;ribosio;DNA-polimerasi;valina;uracile;E
24;DUE SOLUZIONI, NON ELETTROLITICHE, SEPARATE DA UNA MEMBRANA SEMIPERMEABILE SI DICONO ISOTONICHE SE:;CONTENGONO LA STESSA SOSTANZA IN CONCENTRAZIONI DIVERSE;CONTENGONO SOSTANZE DIFFERENTI MA IN CONCENTRAZIONI UGUALI;LE CONCENTRAZIONI DELLE SOLUZIONI RIMANGONO INVARIATE;IL SOLUTO PASSA DALLA SOLUZIONE PIU' CONCENTRATA A QUELLA PIU' DILUITA;"IN NESSUNO DEI CASI
INDICATI";B
"25
26";"LA RESISTENZA ERITROCITARIA OSMOTICA (RBO) MISURA LA FRAGILITA' OSMOTICA DEGLI ERITROCITI. DELLE SEGUENTI SOLUZIONI DI NACL. QUALE
PROVOCA L'EMOLISI DEL SANGUE NORMALE?";0,85%;0,40%;0,55%;1,00%;2,00%;B
;L’acrosoma è:;la parte principale della cellula;"un organulo citoplasmatico
dello spermatozoo";un rivestimento cellulare;"un elemento motore del
flagello dello spermatozoo";un corpo residuo;B
Item;Domanda;A;B;C;D;E;OK
27;"La concentrazione salina di una soluzione fisiologica nell’uomo è:
UNA SOLUZIONE DI NACL (PM 58,5) ED UNA DI GLUCOSIO (PM 180) AVRANNO ATTIVITA'
OSMOTICA UGUALE SE:";"0,03%
LE CONCENTRAZIONI DI NACL E DI GLUCOSIO SONO UGUALI";"0,9%
LA CONCENTRAZIONE DI NACL E' MAGGIORE DI
QUELLA DEL GLUCOSIO";"1,3%
LA CONCENTRAZIONE DEL GLUCOSIO E' DUE VOLTE
QUELLA DI NACL";"2,0%
LA CONCENTRAZIONE DI GLUCOSIO E' CIRCA 1/3 DI
QUELLA DI NACL";"3,1 %
LA CONCENTRAZIONE
DI GLUCOSIO E'";"B
C"
28;;;;;;;
29;"Il fibrinogeno e la protrombina, entrambi
necessari per la coagulazione del sangue, sono localizzati:";negli eritrociti;nei granulociti;nei linfociti;nelle piastrine;nel plasma;E
30;"SI DEFINISCE PUNTO ISOELETTRICO DI
UN AMMINOACIDO IL VALORE DI PH AL QUALE:";SONO PRESENTI SOLO CARICHE NEGATI VE;SONO PRESENTI SOLO CARICHE POSITIVE;SONO PRESENTI CARICHE POSITIVE E NEGATIVE IN EGUAL NUMERO;SONO PRESENTI SIA CARICHE POSITIVE CHE NEGATIVE;"SONO PRESENTI CARICHE POSITIVE IN
NUMERO DOPPIO DI";C
31;"QUALE DEI SEGUENTI AMMINOACIDI E' UN
AMMINOACIDO BASICO:";ARGININA;GLICINA;METIONINA;FENILALANINA;"NESSUNO DEI
PRECEDENTI";A
32;"Quale fase della mitosi è la più adatta per esaminare l’intero corredo cromosomico di una
cellula:";profase;metafase;anafase;telofase;interfase;B
33;QUANTI TETRAPEPTIDI DIFFERENTI SI POSSONO OTTENERE DALLA COMBINAZIONE DI 4 AMMINOACIDI A,B,C,D,:;16;8;24;32;48;C
34;"Nella sintesi delle proteine i singoli
amminoacidi sono trasportati da:";DNA citoplasmatico;RNA messaggero;RNA ribosomiale;RNA transfer;microtubuli;D
35;"UN POLIPEPTIDE PRESENTA UN ELEVATO
ASSORBIMENTO DELLA LUCE A 280 NM, ESSO SARA' RICCO IN:";ALANINA;TRIPTOFANO;CISTEINA;ESTIDINA;"IN NESSUNO Dr QUESTI
CASI";B
36;Individuare l’affermazione falsa, le mutazioni:;"possono riguardare l’intero
genoma";"possono riguardare la
sequenza di basi del DNA";"possono alterare il numero dei
cromosomi";"possono alterare la struttura
del cromosoma";"possono avvenire
soltanto";E
37;"In quali condizioni si può verificare incompatibilità fra madre e feto per il fattore
Rh:";padre Rh- e madre Rh-;madre Rh+ e feto Rh-;madre Rh+ e feto Rh+;madre Rh- e feto Rh+;madre Rh- e feto Rh-;D
38;"QUALE AMMINOACIDO E' RBSPONSABILE
DELLA FORMAZIONE DEI PONTI -S-S-:";TIROSINA;CISTEINA;FENILALANINA;SERINA;"NESSUNO DEI
PRECEDENTI";B
39;"Da un incrocio fra un uomo di gruppo 0 e una
donna di gruppo AB, con quale probabilità nascono figli di gruppo B?";75%;0%;25%;50%;100%;D
40;"DEGLI AMMINOACIDI ELENCATI QUALE E'
UN AMMINOACIDO AROMATICO:";TIROSINA;LEUCINA;PROLINA;LISINA;"NESSUNO DI QUELLI
ELENCATI";A
41;"LA SEQUENZA DI BASI TAT DEL DNA ORIGINA UNO DEI CODON PER LA LEUCINA; QUALE DELLE SEGUBNTI TRIPLETTE E' IL CODON DELLA LEUCINA:";AAU;UAA;AAA;AUA;NESSUNA DI QUELLE ELENCATE;D
42;"Nell’uomo il differenziamento dei caratteri
sessuali primari inizia:";al momento della fecondazione;durante lo sviluppo intrauterino;alla nascita;nella vita adulta;alla pubertà;B
Item;Domanda;A;B;C;D;E;OK
43;"L'ELETTROFORESI DI UNA MISCELA DI PROTEINE IN SOLUZIONE A PH 8,6 HA FORNITO LA SEQUENZA: (-)A-B-C-D-B(+). ORDINARE LE PROTEINE PER VALORI CRESCENTI DI P:
Nella specie umana, quale delle seguenti affezioni non è causata da una mutazione genica?";"C-B-D-A-E
falcemia";"E-D-C-B-A
albinismo";"A-B-C-D-E
daltonismo";"D-C-B-D-E
sindrome di Down";"D-C-B-A-E
emofilia";"B
D"
44;;;;;;;
45;GLI ISTONI SONO:;PROTEINE BASICHE RICCHE IN LISINA E/O ARGININA;LEGATI COVALENTEMENTE AL DNA;"PROTEINE AD ELEVATO PESO MOLECOLARE (OLTRE
200000)";"DISSOCIATI DAL DNA PER DIGESTIONE CON
NUCLEASI";"NESSUNA DI QUESTE
DEFINIZIONI E'";A
46;L’unità di struttura degli acidi nucleici è:;un nucleotide;un pentoso;un gruppo fosfato;una base azotata;un nucleoside;A
47;"LA DIFFUSIONE DELLA CO2 ATTRAVERSO LA MEMBRANA ALVEOLARE E' 20 VOLTE PIU'
VELOCE DI QUELLA DELL'OSSIGENO PER-CHE':";LA CO2 E' SOGGETTA A TRASPORTO ATTIVO;L'AREA ALVEOLARE UTILE PER LA DIFFUSIONS DI CO2 E' MAGGIORE;LA SOLUBILITA' DELLA CO2 IN H2O E' MAGGIORE DI QUELLA DELL'O2;"IL GRADIENTE PRESSORIO
DI CO2 E' MAGGIORE";NESSUNA DI QUESTE DEFINIZIONI E' ESATTA;C
48;Quale di queste sostanze non è un enzima:;trascriptasi inversa;lisozima;endonucleasi;glicoforina;catepsina;D
49;"LA GOTTA E' UNA MALATTIA
CARATTERIZZATA DA TASSI ELEVATI DI ACIDO URICO NEL SANGUE E NELLE URINE. TALE ACCUMULO E' DOVUTO AD UNA:";ALTERAZIONE DEL METABOLISMO GLUCIDICO;ALTERAZIONE DEL METABOLOSMO PURINICO;ALTERAZIONE DEL METABOLISMO LIPIDICO;ALTERAZIONE DEL METABOLISMO DEGLI AMMINOACIDI;NESSUNA DI QUESTE;B
50;I geni per i gruppi sanguigni ABO e per il fattore Rh:;vengono ereditati come un unico gruppo di associazione;segregano indipendentemente;rappresentano un caso di polimeria;"sono localizzati sul cromosoma
X";"sono localizzati sul cromosoma
n.6";B
51;"Un uomo affetto da emofilia trasmette il gene
per la malattia:";a tutti i figli maschi;a tutte le figlie femmine;a metà delle figlie femmine;a metà dei figli maschi;a tutti i nipoti;B
52;"IL LEGAME IDROGENO HA GRANDE IMPORTANZA NELLE MACROMOLECOLE BIOLOGICHE; NELLE PROTEINE ESSO E' RESPONSABILE:";DELLA STRUTTURA PRIMARIA;DELLA FORMAZIONE DEI LEGAMI DISOLFURO;DELLA STRUTTURA SECONDARIA;"DELLA CARICA POSITIVA IN
SOLUZIONI A PH FISIOLOGICO";DI NESSUNA DELLE PRECEDENTI;C
53;Individuare l’affermazione falsa. Il crossing–over:;è uno scambio di segmenti fra cromatidi di cromosomi omologhi;dà origine a nuovi geni;avviene alla meiosi;dà origine a nuove combinazioni di geni;aumenta la variabilità genetica;B
54;UN ISOTOPO RADIOATTIVO E' CARATTERIZZATO DAL SUO TEMPO DI DIMEZZAMENTO CHE RAPPRESENTA:;IL TEMPO CHE IMPIEGANO GLI ATOMI PER DIVIDERSI A META';IL TEMPO CHE IMPIEGA UN ATOMO PER EMETTERE META' DELLE SUE PARTICELLE;IL TEMPO CHE IMPIEGA L'ISOTOPO PER RADDOPPIARE LA SUA QUANTITA';"IL TEMPO NECESSARIO AL
DECADIMENTO DI META' DEGLI ATOMI";"IL TEMPO CHE IMPIEGA L'ISOTOPO PER
QUADRUPLICARE LA";D
55;"IL FENOLO (COMUNEMENTE DETTO
ACIDO FENICO) APPARTIENE ALLA CLASSE DEGLI:";ELETTRONI;ALCOOLI;ALDEIDI;CHETONI;A NESSUNA DELLE PRECEDENTI;B
56;Il corpo luteo è:;una ghiandola esocrina secernente muco;una ghiandola endocrina che si sviluppa nella mucosa uterina;una ghiandola endocrina transitoria che si forma nell’ovaio dopo ogni ovulazione;una ghiandola endocrina facente parte della placenta;un organo che produce ovogoni;C
Item;Domanda;A;B;C;D;E;OK
57;"UN'AMMINA SI DEFINISCE TERZIARIA QUANDO:
Nella tiroide le cellule C elaborano:";"L'ATOMO DI AZOTO E' LEGATO A TRE ATOMI DI IDROGENO
tiroxina";"L'ATOMO DI AZOTO E' LEGATO AD UN ATOMO DI C E DUE DI H
calcitonina";"L'ATOMO DI AZOTO E' LEGATO A DUE C ED UN H
paratormone";"L'ATOMO DI AZOTO E' LEGATO A TRE C
tirosina";"IN NESSUNO DEI CASI PRECEDENTI
tetraiodotironina";"D
B"
58;;;;;;;
59;"QUANTI ATOMI DI CARBONIO MINIMO SONO NECESSARI PER AVERE UN ALCOOL
TERZIARIO:";2 ATOMI;3 ATOMI;4 ATOMI;5 ATOMI;8 ATOMI;C
60;"Quale delle seguenti cellule è precursore delle
plasmacellule:";linfocita T;fibroblasto;linfocita B;macrofago;monocita;C
61;"GLI ENZIMI SONO DEI CATALIZZATORI BIOLOGICI; ESSI PERTANTO:";"AUMENTANO L'ENERGIA DI ATTIVAZIONE DELLA
REAZIONE";FANNO DIMINUIRE LA KEQ DELLA REAZIONE;"ABBASSANO L'ENERGIA DI ATTIVAZIONE DELLA
REAZIONE";FANNO AUMENTARE LA KEQ DELLA REAZIONE;"NESSUNA DELLE MODIFICAZIONI
PRECEDENTI";C
62;"Quale dei seguenti processi è inibito dalla
colchicina:";duplicazione del DNA;sintesi dell’RNA;sintesi delle proteine;formazione del fuso mitotico;sintesi del glicogeno;D
63;IN UNA REAZIONE CATALIZZATA DA UN ENZIMA LA QUANTITA' DELL'ENZIMA:;DIMINUISCE NEL CORSO DELLA REAZIO NE;AUMENTA NEL CORSO DELLA REAZIONE;RIMANE INVARIATA NEL CORSO DELLA REAZIONE;"RIMANE INVARIATA SOLO SE LA REAZIONE
RAGGIUNGE L'EQUILIBRIO";"AUMENTA QUANDO LA
REAZIONE";C
64;"Quale di queste strutture fa parte degli organi
linfoidi primari:";linfonodo;milza;placca di Payer;timo;tonsilla palatina;D
65;L'AZIONE TOSSICA DEL CIANURO E' DOVUTA A:;"FORMAZIONE DI UN COMPLESSO CON
L'EMOGLOBINA";COMBINAZIONE CON LA MEMBRANA ERITROCITARIA;INIBIZIONE DELLA CITOCROMO OSSIDASI;"BLOCCO DEL TRASPORTO DI OSSIGENO
ATTRAVERSO IL SANGUE";"A NESSUNO DEI PRECEDENTI
EFFETTI";C
66;"I filamenti presenti nei desmosomi sono
formati da:";vimentina;cheratina;desmina;spectrina;tropomiosina;B
67;"Quale delle seguenti funzioni non è svolta dal
reticolo liscio:";glicogenolisi;glicogenosintesi;lipidosintesi;detossificazione;sequestro del Ca;B
68;FACENDO PASSARE LB RADIAZIONI NUCLEARI ATTRAVERSO UN CAMPO ELETTRICO AD ALTA TENSIONE QUALE DELLE SEGUENTI AFFERMAZIONI E' VERA:;LE PARTICELLE ALFA NON DEVIANO;LE PARTICELLE ALFA DEVIANO VERSO IL POLO +;LE PARTICELLE ALFA DEVIANO VERSO IL POLO -;"LE PARTICELLE ALFA DEVIANO IN PARTE VERSO
+ IN PARTE VERSO -";NESSUNA DI QUESTE AFFERMAZIONI E' ESATTA;C
69;"NELL'ATTRAVERSARE UN CAMPO
ELETTRICO AD ALTA TENSIONE LE RADIAZIONI GAMMA:";NON SUBISCONO NESSUNA DEVIAZIONE;DEVIANO VERSO IL POLO POSITIVO;DEVIANO VERSO IL POLO NEGATIVO;PERDONO PARTE DELLA LORO CARICA ELETTRICA;"PERDONO TUTTE LE
LORO CARATTERISTICHE";A
70;Quale di queste cellule ha più di un nucleo:;cellula muscolare miocardica;megacariocita;granulocita neutrofilo;fibra muscolare scheletrica;mastocita;D
71;ATTRAVERSANDO UN CAMPO ELETTRICO AD ALTA TENSIONE LE RADIAZIONI BETA:;ATTRAVERSANO IL CAMPO SENZA SUBIRE ALCUNA DEVIAZIONE;SUBISCONO UNA DEVIAZIONE VERSO IL POLO POSITIVO;SUBISCONO UNA DEVIAZIONE VERSO IL POLO NEGATIVO;NON RIESCONO AD ATTRAVERSARE IL CAMPO AVENDO MASSA ESTREMAMENTE GRANDE;NESSUNA DELLE PRECEDENTI AFFERMAZIONI E' ESATTA;B
72;"Quale di queste cellule presenta la cromatina
meno addensata:";piccolo linfocita;plasmacellula;spermatozoo;cellula nervosa;granulocito neutrofilo;D
73;SECONDO LA TEORIA DI BROENSTED SI DEFINISCE BASE UN COMPOSTO:;CAPACE DI ACCETTARE UN PROTONE;CAPACE DI CEDERE UNA COPPIA DI ELETTRONI;CAPACE DI LIBERARE IONI OH- IN SOLUZIONE;CAPACE DI CEDERE UN PROTONE;"NESSUNA DELLE PRECEDENTI
DEFINIZIONI E'";A
Item;Domanda;A;B;C;D;E;OK
74;"I nucleosomi sono:
I mitocondri provvedono:";"corpuscoli nucleari formati da RNA eterogeneo
alla glicolisi anaerobica";"precursori dei ribosomi
alla fosforilazione ossidativa";"formazioni di RNA e proteine
alla sintesi del glicogeno";"formazioni di DNA e istoni
alla sintesi del collagene";"complessi del poro
alla demolizione dei prodotti cellulari";"D
B"
75;;;;;;;
76;LA REAZIONE TRA UN OSSIDO ED UNA ANIDRIDE DEL TIPO CAO + SO3 = CASO4 PUO' ESSERE CONSIDERATA UNA REAZIONE ACIDO BASE?;PUO' PERCHE ' NON COMPAIONO NE' SPECIE H NE' OH;SI SECONDO LA TEORIA DI LEWIS;SI SECONDO LA TEORIA DI BROENSTED;SI PERCHE' SI FORMA UN SALE DEL L'ACIDO SOLFORICO;NESSUNA DELLE PRECEDENTI AFFERMAZIONI E' ESATTA;B
77;"QUAL E' IL NUMERO DI OSSIDAZIONE
DELL'OSSIGENO NEL PEROSSIDO DI IDROGENO:";2;+2;+1;1;3;D
78;"Gli eritrociti umani hanno una durata di vita di
circa:";30 giorni;24 ore;50 giorni;120 giorni;180 giorni;D
79;"NELLA REAZIONE CU + CL2 = CUCL2 I
NUMERI DI OSSIDAZIONE DEL CL2 A SINISTRA E A DESTRA DELLA REAZIONE SONO:";"0; -1";"-1; -2";"0; -2";"-1; 0";"-2; 0";A
80;La via classica del sistema complementare viene attivata:;da aggregati di IgA;da qualsiasi immunocomplesso;da endotossine batteriche;"da immunocomplessi costituiti
da antigeni ed anticorpi appartenenti alla classe";"dal lipopolisaccaride della
parete dei batteri gram-negativi";D
81;La classificazione delle Ig in classi e sottoclassi dipende:;da differenze nelle catene leggere;da differenze nella parte carboidratica della molecola;da differenze nel numero e disposizione dei legami sulfidrici;"da differenze di numero delle catene polipeptidiche che lo
compongono";"da differenze antigeniche
espresse da fattori";E
82;"UNA SOLUZIONE MANTENUTA A
TEMPERATURA COSTANTE SI DICE SATURA QUANDO:";LA CONCENTRAZIONE E' SUPERIORE AD 1M;E' PRESENTE IL CORPO DI FONDO;"SOLVENTE E SOLUTO
HANNO LA STESSA CONCENTRAZIONE";"LA CONCENTRAZIONE DEL
SOLUTO SUPERA LA SUA";"IN NESSUNA DI
QUESTE SITUAZIONI";B
83;UNA REAZIONE SI DICE ALL'EQUILIBRIO QUANDO LA VARIAZIONE DI ENERGIA LIBERA:;E' MAGGIORE DI ZERO;E' UGUALE A ZERO;E' MINORE DI ZERO;E' MAGGIORE DI UNO;E' MINORE DI UNO;B
84;Che cos’è il peptidoglicano ?;una glicoproteina che viene sintetizzata dai batteri;il componente fondamentale della parete cellulare batterica;"il componente fondamentale
della parete cellulare dei soli batteri gram- positivi";"il componente fondamentale
della parete cellulare dei soli batteri gram- negativi";"il componente fondamentale
della parete cellulare";B
85;Che cosa sono gli acidi teicoici?;lunghe catene polimeriche che contribuiscono alla composizione degli  antigeni superficiali dei gram positivi;lunghe catene lipopolisaccaridiche, intrecciate con il peptidoglicano, che contribuiscono alla composizione delle esotossine;costituenti principali del complesso peptidoglicano ribitol fosfato localizzato nello spazio periplasmico dei gram- positivi;costituenti responsabili dell’acido-resistenza dei micobatteri;costituenti fondamentali della parete cellulare dei gram- positivi e gram-negativi;A
86;IN UNA REAZIONE ESOTERMICA UN ABBASSAMENTO DELLA TEMPERATURA:;SPOSTERA' L'EQUILIBRIO VERSO I REAGENTI;NON AVRA' ALCUNA INFLUENZA SULL'EQUILIBRIO;"SPOSTERA' L'EQUILIBRIO VERSO I PRODOTTI DI
REAZIONE";"SPOSTA L'EQUILIBRIO DALLA PARTE DEL
REAGENTE PIU' VOLATILE";"NESSUNA DELLE AFFERMAZIONI E'
CORRETTA";C
Item;Domanda;A;B;C;D;E;OK
87;"DOVENDO EFFETTUARE UNA CURVA DI TARATURA PER IL DOSAGGIO DEL GLUCOSIO SIERICO QUALE DEI SEGUENTI INTERVALLI DI CONCENTRAZIONE UTILIZZERESTE?
La colorazione di Ziehl-Neelsen viene usata per colorare:";"10-130
proteus";"60-350
enterobatteri";"0-110
stafilococchi";"100-500
neisserie";"0-700
micobatteri";"E
E"
88;;;;;;;
89;IL GLUCOSIO PUO' ESSERE DOSATO IN FOTOMETRIA DI FIAMMA IN EMISSIONE?;NO, PERCHE' IL GLUCOSIO NON EMETTE RADIAZIONI;SI SE SI USA UNA FIAMMA A BASSA ENERGIA;SI SE VIENE DISCIOLTO IN UN SOLVENTE ADATTO;"NO, PERCHE' LA MOLECOLA
VIENE DISTRUTTA DALLA FIAMMA";NO, PERCHE' IL FENOMENO DELL'EMISSIONE NON SEGUE LA;D
90;Per la diagnosi sierologica di quale batterio viene effettuata la reazione di Wright?;streptococcus pyogenes;brucella melitensis;vibrio cholerae;pseudomonas aeruginosa;bordetella pertussis;B
91;"La clamidie patogene per l’uomo differiscono
tra loro per:";i caratteri delle inclusioni;il contenuto in glicogeno;i caratteri antigeni di specie;la sensibilità ai sulfamidici;tutte e quattro;E
92;LA LEGGE DI LAMBERT-BEER DEFINISCE CHE:;L'ASSORBIMENTO DI RADIAZIONI LUMINOSE DA PARTE DI UNA SOLUZIONE E' PROPORZIONALE ALLA SUA CONCENTRAZIONE E DIPENDE DALLO SPESSORE DEL MATERIALE DI CUI E' FATTA LA CUVETTA DI LETTURA;L'ASSORBIMENTO DI RADIAZIONI LUMINOSE DA PARTE DI UNA SOLUZIONE E' PROPORZIONALE ALLA SUA CONCENTRAZIONE E DIPENDE DAL VOLUME DELLA CUVETTA DI LETTURA;L'ASSORBIMENTO DI RADIAZIONI LUMINOSE DA PARTE DI UNA SOLUZIONE E' PROPORZIONALE ALLA SUA CONCENTRAZIONE E DIPENDE DAL DIAMETRO DELLA CUVETTA DI LETTURA;"SOLO PER SOLUZIONI CHE
ASSORBONO NELL'ULTRAVIOLETTO ESISTE PROPORZIONALITA' TRA LA LORO CONCENTRAZIONE L'ASSORBIMENTO DI
RADIAZIONI";SOLO PER SOLUZIONI CHE ASSORBONO NEL VISIBILE ESISTE PROPORZIONALITA' TRA LA LORO CONCENTRAZIONE L'ASSORBIMENTO DI RADIAZIONI;C
93;SE DI UNA SOLUZIONE SONO NOTI L'ASSORBANZA ED IL COEFFICIENTE DI ESTINZIONE MOLARE E' POSSIBILE CALCOLARNE LA CONCENTRAZIONE APPLICANDO UNA DELLE SEGENTI FORMULE:;ASSORBANZA + CAMMINO OTTICO / COEFFICIENTE ESTINZIONE MOLARE;ASSORBANZA X COEFFICIENTE DI ESTINZIONE MOLARE / CAMMINO OTTICO;ASSORBANZA / COEFFICIENTE DI ESTINZIONE MOLARE X CAMMINO OTTICO;(ASSORBANZA - CAMMINO OTTICO)/ COEFFICIENTE ESTINZIONE MOLARE;"ASSORBANZA/COEF FICIENT
E ESTINZIONE MOLARE - CAMMINO OTTICO";C
94;"La tecnica sierologica, conosciuta come
reazione di Wassermann, viene usata per la diagnosi di quale malattia?";salmonellosi;difterite;gonorrea;brucellosi;sifilide;E
95;Qual è il meccanismo d’azione dell’enterotossina colerica?;attiva l’enzima adenil-ciclasi, creando squilibrio elettrolitico;distrugge la mucosa intestinale;inibisce la produzione di AMP-ciclico;si lega al sodio bloccando la pompa sodio-potassio;inibisce la sintesi proteica;A
96;"PER TRACCIARE IL GRAFICO DI UNA
CURVA DI TARATURA BISOGNA RIPORTARE:";"SULL'ASSE DELLA ASCISSE
(X) I VALORI DELLE LUNGHEZZE D'ONDA E SULL'ASSE DELLE ORDINATE
(Y) LE CONCENTRAZIONI CALCOLATE";"SULL'ASSE DELLA ASCISSE
(X) LE CONCENTRAZIONI DEGLI STANDARDS E SULL'ASSE DELLS ORDINATE
(Y) I VALORI DI ASSORBANZA CORRISPONDENTI";"SULL'ASSE DELLA ASCISSE
(X) LE CONCENTRAZIONI DEGLI STANDARDS E SULL'ASSE DELLE ORDINATE
(Y) I VALORI DI LUNGHEZZA D'ONDA";"SULL'ASSE DELLA ASCISSE
(X) I VALORI DI ASSORBANZA DEGLI STANDARDS E SULL'ASSE DELLE ORDINATE (Y) I CORRISPONDENTI";"SULL'ASSE DELLE ASCISSE
(X) I VALORI DI LUNGHEZZA D'ONDA E SULLE ORDINATE I VALORI CORRISPONDENTI DI";B
97;"Quali Ig sostengono la risposta ad una
stimolazione antigenica secondaria?";IgG;IgM;IgE;IgA;IgD;A
Item;Domanda;A;B;C;D;E;OK
98;"UN FLUORIMETRO DIFFERISCE DA UNO SPETTROFOTOMETRO:
Qual è il ruolo dei linfociti T “helper” e “suppressor” nell’anticorpopoiesi?";"PERCHE' LA SUA SORGENTE LUMINOSA E' UNA LAMPADA AL FLUORO
permettono il legame tra l’antigene e l’anticorpo corrispondente";"PERCHE' HA DUE LAMPADE
modulano la risposta anticorpale mediata dai linfociti B";"SOLO PERCHE' HA DUE SELETTORI DI LUNGHEZZA D'ONDA
si differenziano in plasmacellule e producono Ig";"PERCHE' HA DUE SELETTORI DI LUNGHEZZA D'ONDA ED IL RIVELATORE E' AD ANGOLO RISPETTO ALLA CUVETTA DI LETTURA
bloccano la risposta umorale";"NON ESISTE DIFFERENZA RILEVANTE TRA ESSI
vengono stimolati da antigeni timo-dipendenti";"D
B"
99;;;;;;;
100;NELLA SPETTROFOTOMETRIA DI ASSORBIMENTO ATOMICO LA FIAMMA:;RAPPRESENTA LA SORGENTE LUMINOSA;E' NECESSARIA A ROMPERE I LEGAMI INTERATOMICI;SERVE PER GENERARE L'ENERGIA NECESSARIA PER LA REAZIONE DI DOSAGGIO;SERVE PER BRUCIARE EVENTUALI INTERFERENTI PRESENTS NELLA;E' NECESSARIA PER ECCITARE GLI ATOMI;B
101;L'ELETTROFORESI E' UNA TECNICA CHE VIENE UTILIZZATA PER:;ROMPERE I LEGAMI PEPTICI;FORNIRE UNA CARICA ELETTRICA ALLE PROTEINS;"SEPARARE
ESCLUSIVAMENTE LE PROTEINE";"SEPARARE COMPOSTI
DOTATI DI CARICA ELETTRICA";"SEPARARE LE
PROTEINE NEI PEPTIDI";D
102;"Quale di questi batteri possiede l’enzima
catalasi?";staphylococcus aureus;streptococcus pyogenes;diplococcus pneumoniae;streptococcus faecalis;nessuno di questi;A
103;"NELL'ELETTROFORESI DELLE PROTEINE
IL TAMPONE DEVE ESSERE CAMBIATO SPESSO PERCHE':";CON L'EVAPORAZIONE AUMENTA LA FORZA IONICA E, PERTANTO, AUMENTA LA VELOCITA' DI MIGRAZIONE DELLE PROTEINE;SI SVILUPPANO MUFFE CHE DETERMINANO L'AGGREGAZIONE DELLE PROTEINE;CON L'EVAPORAZIONE AUMENTA LA FORZA IONICA E, PERTANTO, DIMINUISCE LA VELOCITA' DI MIGRAZIONE DELLE PROTEINE;VARIA IL PH CHE DIVENTA PIU' BASICO;"VARIA IL PH CHE DIVENTA
PIU' ACIDO";C
104;"Quale tecnica immunologica viene usata per la
diagnosi del treponema?";reazione di Widal;reazione di Wassermann;test di Coombs;reazione di Barrit;reazione di Kovaca;B
105;DOPO LA SEPARAZIONE ELETTROFORETICA LE FRAZIONI SIEROPROTEICHE:;POSSONO VENIRE DIRETTAMENTE QUANTIZZATE AL DENSITOMETRO;POSSONO ESSERE SOLO VISUALIZZATE AL DENSITOMETRO MA NON QUANTIZZATE;POSSONO ESSERE QUANTIZZATE AL DINSITOMETRO SOLO PREVIA COLORAZIONE;IN OGNI CASO POSSONO ESSERE QUANTIZZATE DIRETTAMENTE IN FLUORIMETRIA;DEVONO ESSERE NECESSARIAMENTE ESTRATTE DAL SUPPORTO PER ESSERE;C
106;Quale tra le seguenti, non è una caratteristica delle esotossine?;sono prodotte da alcuni batteri gram-positivi e talvolta dalle specie gram- negative;hanno una azione tossica più potente di quella delle endotossine;il loro potere tossico è neutralizzato dall’anticorpo corrispondente;sono di natura lipopolisaccaridica;"la loro potenza è variabile a
seconda delle specie animali in cui vengono";D
107;"IL PH DEL SUCCO GASTRICO E'
NORMALMENTE :";0,5 - 0,8;1,0 - 1,8;2,5 - 2,8;3,5 - 3,8;4,5 - 4,8;B
108;"Il più cospicuo dei componenti cellulari
batterici è:";il DNA;l’acqua;gli aminozuccheri;"le proteine (sia ribosomiche
che non)";i lipidi;B
109;L'ALCALOSI RESPIRATORIA E' DOVUTA A:;ACCELERAZIONE DEGLI SCAMBI RESPIRATORI;"RALLENTAMENTO DEL
FLUSSO AEREO RESPIRATORI0";"RALLENTAMENTO DELLA
DIFFUSIONE DEI GAS A LIVELLO RESPIRATORIO";"IPOPNEA DA
INSUFFICIENZA MUSCOLARE";"IPOPNEA DA
INIBIZIONE DEI CENTRI";A
110;"Una delle caratteristiche peculiari della
sostanza nucleare batterica è rappresentata dal fatto che:";il DNA è legato agli istoni ma non alle proteine acide del citoplasma;il DNA cromosomico è distribuito nel citoplasma in due o più filamenti circolari;essa è collegata alla membrana batterica sia direttamente che attraverso i mesosomi;essa si riproduce, durante la divisione cellulare, per semplici mitosi;"essendo il DNA legato a
polifosfati e a polisaccaridi, presenta";C
Item;Domanda;A;B;C;D;E;OK
111;"AUMENTO DELLA PCO2 SI RILEVA NELLA:
L’enzima che catalizza la polimerizzazione di nucleosidi trifosfati nella catena polinucleotidica
dell’RNA è:";"ALCALOSI RESPIRATORIA COMPENSATA
la DNA-polimerasi I e II";"ALCALOSI RESPIRATORIA SCOMPENSATA
la RNA-polimerasi";"ACIDOSI METABOLICA COMPENSATA
le sole proteine < , < e < ’ dell’enzima RNA-polimerasi";"ACIDOSI RESPIRATORIA COMPENSATA
la ligasi";"ALCALOSI METABOLICA
la DNA-polimerasi RNA
dipendente";A B
112;;;;;;;
113;"L'ACIDOSI RESPIRATORIA E' PROVOCATA
DA:";"ACCUMULO DI ACIDO
LATTICO";"IPERVENTILAZIONE
POLMONARE";"IPOVENTILAZIONE
POLMONARE";"RIDOTTA ESCREZIONE DI
ACIDI";"SINDROME DI
FANCONI, DE";C
114;"Quali sono le cellule che formano le rosette
EAC?";macrofagi;linfociti T;linfociti B;linfociti T e B;granulociti neutrofili;C
115;"IL TASSO PLASMATICO DI HCO3 E' DI
NORMA:";150 MEQ/L;100 MEQ/L;75 MEQ/L;50 MEQ/L;25 MEQ/L;E
116;"Gli eosinofili modulano reazioni di
ipersensibilità immediata agiscono su:";linfociti B;linfociti T;monociti;basofili e mastzellen;polimorfonucleati;D
117;"IN CONDIZIONI NORMALI IL PH DEL
SANGUE E':";7,50 + - 0,02;7,40 + - 0,02;7,30 + - 0,02;7,20 + - 0,02;7,10 + - 0,02;B
118;Che cosa è l’ELISA test?;un saggio immunoenzimatico;un test radioimmunologico;"una prova di
emoagglutinazione passiva";"una colorazione di
microscopia";"un metodo per
calcolare il titolo";A
119;"Gli antigeni timo-dipendenti inducono la
formazione di anticorpi attivando:";i linfociti T;i linfociti B;gli elementi del S.R.E.;nessuno di questi elementi;tutti questi elementi;E
120;"QUALI DELLE SEGUENTI RADIAZIONI HA IL MAGGIOR POTERE DI PENETRAZIONE NEI
TESSUTI:";RADIAZIONI ECCITANTI;PARTICELLE BETA;PARTICELLE ALFA;RAGGI X;RAGGI GAMMA;E
121;"QUALI FRA LE SEGUENTI SONO
RADIAZIONI ECCITANTI:";INFRAROSSO;RAGGI X;RAGGI GAMMA;PARTICELLE ALFA E BETA;ONDE HERTZIANE;A
122;Le immunoglobuline M:;sono trasmesse dalla madre al feto;possiedono attività limitata al torrente circolatorio;"possiedono attività
prevalentemente negli spazi extracellulari";"possiedono attività protettiva a
livello delle mucose";possiedono attività reaginica;B
123;A cosa corrisponde la fase di latenza nella curva di crescita batterica?;alla fase di adattamento metabolico;al blocco della suddivisione cellulare;alla fase in cui il numero delle cellule che muoiono supera quello delle cellule vive;"alla fase in cui, verificandosi un
aumento del numero di cellule, non c’è corrispondente aumento del";"alla fase in cui, aumentando i cataboliti nel mezzo di crescita, le cellule
rimangono vive ma con";A
124;"QUALI FRA LE SEGUENTI SONO
RADIAZIONI IONIZZANTI:";INFRAROSSO;RAGGI GAMMA;ULTRAVIOLETTO;ONDE HERTZIANE;VISIBILE;B
125;"L'UNITA' DI MISURA DELLA ""DOSE DI
ESPOSIZIONE"" ALLE RADIAZIONI E':";CURIE;BECQUEREL;ROENTGEN;RAD;REM;C
126;"Quale delle seguenti Ig contiene un frammento
secretorio?";IgA;IgD;IgE;IgG;IgM;A
127;"Qual è la costante di sedimentazione delle
IgM?";7 S;4 S;11 S;15 S;19 S;E
128;"L'UNITA' DI MISURA DELLA ""DOSE
SPECIFICA ASSORBITA"" DELLE RADIAZIONI E':";CURIE;BECQUEREL;ROENTGEN;RAD;REM;D
129;"L'UNITA' DI MISURA DELLA ""DOSE BIOLOGICA EFFICACE"" DELLE RADIAZIONI E'";CURIE;BECQUEREL;ROENTGEN;RAD;REM;E
Item;Domanda;A;B;C;D;E;OK
130;"Qual è la differenza tra la reazione di precipitazione e quella di agglutinazione?
LB ONDE HERTZIANE POSSONO PROVOCARE FENOMENI PATOLOGICI A LIVELLO DI:";"nella precipitazione interviene il sistema complementare
MIDOLLO OSSEO";"nella precipitazione l’antigene è di natura corpuscolata
CRISTALLINO";"nella precipitazione l’antigene è di natura solubile
FEGATO";"nella precipitazione le immunoglobuline che partecipano alla formazione dell’immunocomplesso sono IgA
CUTE";"la precipitazione si realizza in tempi più lunghi
SISTEMA NERVOSO";"C
B"
131;;;;;;;
132;Il metabolismo energetico basale si determina:;misurando la temperatura rettale;"mediante il consumo di ossigeno e il quoziente
respiratorio";mediante il quoziente respiratorio non proteico;"mediante la quantità di cibo ingerita e il quoziente
respiratorio";"mediante la composizione
centesimale della dieta";B
133;"LA RIPARAZIONE DEL DANNO
PROVOCATO DALLE RADIAZIONI ULTRAVIOLETTE E' DOVUTA A:";ENDONUCLEASI;ESONUCLEASI;DNA-POLIMERASI;LIGASI;TUTTI I PRECEDENTI ENZIMI;E
134;Un aumento della calcemia:;può causare calcolosi urinaria;accresce l’eccitabilità neuromuscolare;è uno dei sintomi dell’insufficienza renale cronica;"è una delle conseguenze della
somministrazione di estratti";"aumenta la
coagulabilità del sangue";A
135;"IL VICINO ULTRAVIOLETTO HA EFFETTO
FOTOPROTETTORE NEI CONFRONTI DEL LONTANO ULTRAVIOLETTO MEDIANTE:";INATTIVAZIONE DELLE ENDONUCLEASI;ATTIVAZIONE DELLE ESONUCLEASI;ALLUNGAMENTO DELLA FASE G-1;NESSUNO DI QUESTI MECCANISMI;TUTTI QUESTI MECCANISMI;C
136;Per quanto attiene alla regolazione dell’equilibrio acido-base dell’organismo:;l’emoglobina non funge da tampone in quanto sequestrata nel globulo rosso;l’anidride carbonica si trova nel sangue soprattutto sotto forma di bicarbonato;il sistema carbonico-bicarbonato non influenza l’attività degli altri sistemi tampone in quanto regolato indipendentemente;l’assorbimento renale dei bicarbonati è largamente indipendente dalla escrezione renale di idrogenioni;il legame dell’emoglobina con l’ossigeno ne aumenta l’affinità per gli idrogenioni che sono;B
137;"L'EFFETTO PRINCIPALE DELLE RADIAZIONI IONIZZANTI SU MATERIALI
BIOLOGICI E' LEGATO A:";EFFETTO JOULE;EFFETTO FOTOELETTRICO;EFFETTO COPPIA;EFFETTO COMPTON;EFFETTO FOTORIATTIVATORE;D
138;I muscoli scheletrici:;sono dotati di attività spontanea;contengono mioglobina anche nelle fibrocellule bianche;sono detti rossi o bianchi perché costituiti esclusivamente di fibre rispettivamente rosse e bianche;sono, quelli rossi, cosi’ chiamati perché riccamente vascolarizzati;"sono, per quanto attiene alle
loro caratteristiche funzionali, indipendenti";B
139;QUAL E' IL LIVELLO MASSIMO DI ASSORBIMENTO DELLE RADIAZIONI, AL DI SOPRA DELLE QUALI LE LESIONI DI UN EPITELIO COLPITO SONO SEMPRE IRREVERSIBILI:;100 RADS;1000 RADS;2000 RADS;5000 RADS;10.000 RADS;C
140;La riduzione del potenziale di membrana di  una cellula non eccitabile produce un aumento:;dell’ingresso di Na+ nella cellula;dell’ingresso di K+ nella cellula;dell’ingresso di Cl- nella cellula;dell’uscita di acqua dalla cellula;"dell’uscita di ioni H+ dalla
cellula";C
141;L’urea:;ha una clearance maggiore di quella dell’insulina;presenta un decremento della sua concentrazione nel sangue per effetto di un pasto ricco di proteine;provoca oliguria per aumento della sua concentrazione nel sangue;presenta una clearance che aumenta con l’aumentare del volume di urina;"è secreta attivamente dalle
cellule del tubulo contorto distale";D
Item;Domanda;A;B;C;D;E;OK
142;"LE ""ESCARE"" SONO TIPICHE DELLE USTIONI DI:
L’aldosterone:";"I GRADO
è secreto dall’apparato iuxtaglomerulare";"II GRADO
è secreto in maggior quantità quando la concentrazione plasmatica di K+ si abbassa";"III GRADO
attiva il trasporto di Na nel nefrone distale";"IV GRADO
attiva il riassorbimento di K nel nefrone distale";"TUTTI I GRADI
provoca acidosi";C C
143;;;;;;;
144;"LE BOLLE O ""FLITTENE"" SONO TIPICHE
DELLE USTIONI DI:";I GRADO;II GRADO;III GRADO;IV GRADO;TUTTI I GRADI;B
145;"QUALE FRA I SEGUENTI NON E' UN
EFFETTO GENERALE DELLE ALTE TEMPERATURE?";ANEMIA;IPOAZOTEMIA;IPOPROTEINEMIA;TOSSIEMIA;SHOCK;B
146;Nell’ipotiroidismo si osserva:;ipotermia;insonnia;irsutismo;iperidrosi;tachicardia;A
147;Nell’ipofunzione surrenalica cresce:;la pressione arteriosa;la glicemia;la potassiemia;la sodiemia;la frequenza cardiaca;C
148;"QUALE FRA LE SEGUENTI SOSTANZE NON
E' UN AGENTE FLOGOGENO:";TREMENTINA;CALOMELANO;ETIONINA;ACIDO URICO;ASBESTO;C
149;QUALE TRA I SEGUENTI ANTIBIOTICI INTERFERISCE CON IL LEGAME TRA AMINOACIL-T-RNA E SUBUNITA' RIBOSOMIALE 30S:;ACTINOMICINA;RIFAMPICINA;PUROMICINA;TETRACICLINE;PENICILLINA;D
150;Quale dei seguenti enzimi del metabolismo glucidico funziona nel fegato ma non nel muscolo?;esocinasi;fosfoglucomutasi;glucoso-6-fosfatasi;lattico deidrogenasi;trigliceride lipasi;C
151;"La cellula attraverso quali delle seguenti
reazioni produce il riboso?";"intermedi della glicolisi
anaerobica";"reazioni degli enzimi
transchetolasi-transaldolasi";utilizzazione del lattosio;"decarbossilazione acido
piruvico";gluconeogenesi;B
152;"QUALE TRA I SEGUENTI ANTIBIOTICI E' UN
INIBITORE DELLA SINTESI PROTEICA:";MITOMICINA;PUROMICINA;RIFAMPICINA;PENICILLINA;ACTINOMICINA;B
153;L’insulina stimola la sintesi dell’enzima:;esocinasi;glucocinasi epatica;glucoso-6-fosfatasi;fruttoso difosfatasi;piruvico carbossilasi;B
154;Come avviene l’ossidazione degli acidi grassi nell’uomo:;attraverso intermedi legati al CoA-SH;avviene fuori dai mitocondri;richiede NADP+;è esattamente l’inverso della sintesi degli acidi grassi;"può avvenire anche
anaerobicamente come per la glicolisi";A
155;QUALI FRA I SEGUENTI MICROORGANISMI SONO PARASSITI INTRACELLULARI OBBLIGATI:;CLOSTRIDII;RICKETTSIE;BRUCELLE;MICOBATTERI;PSEUDOMONAS;B
156;"QUALI FRA I SEGUENTI MICROORGANISMI SONO PARASSITI INTRACELLULARI
FACOLTATIVI:";GONOCOCCHI;STREPTOCOCCHI;RICKETTSIE;CLAMIDIE;STAFILOCOCCHI;A
157;La gluconeogenesi può essere descritta come un processo che:;"è stimolato dalla presenza di
alte concentrazioni di glucoso ematico";utilizza precursori non glucidici;è l’esatto inverso della glicolisi;avviene nel cervello;avviene nel muscolo;B
158;QUALI TRA I SEGUENTI MICROORGANISMI PRODUCONO COAGULASI:;STREPTOCOCCHI BETA-EMOLITI;CICLOSTRIDII;STAFILOCOCCHI AUREI;STAFILOCOCCHI EPIDERMICI;SALMONELLE;C
159;L’utilizzazione ossidativa degli acidi grassi nell’uomo richiede:;una insaturazione degli acil-CoA prodotta da una acil-CoA deidrogenasi  FAD-dipendente;una insaturazione dei derivati degli acil-CoA prodotta da una acil-CoA deidrogenasi microsomiale;NADPH+;biotina;deidrogenasi-NADPH dipendenti;A
Item;Domanda;A;B;C;D;E;OK
160;QUALI TRA I SEGUENTI MICROORGANISMI PRODUCONO LECITINASI O TOSSINA ALFA:;CLOSTRIDIUM PERFRINGENS;STAFILOCOCCO AUREO;SALMONELLA TYPHIMURIUM;STREPTOCOCCO ALFA-EMOLITICO;"STREPTOCOCCO
BETA- EMOLITICO DI GRUPPO A";A
161;"L’intermedio metabolico comune a tutti gli aminoacidi
nella conversione delle loro catene carboniose a glucoso è:";acido fumarico;succinil-CoA;fosfoenolpiruvico;acido alfa-chetoglutarico;acetil-CoA;C
162;"Il ciclo dei pentosi è importante per il
metabolismo cellulare perché produce:";NADH;acetil-CoA;NADPH;ATP;ADP;C
163;LA TOSSINA DIFTERICA AGISCE:;STIMOLANDO L'ADENILATO CICLASI;SCINDENDO LA LECITINA;INATTIVANDO IL FATTORE DI ALLUNGAMENTO 2 (EF-2);DISSOLVENDO IL COLLAGENO;DISSOLVENDO LA FIBRINA;C
164;"Nell’uomo, il principale prodotto catabolico
delle purine è:";ammoniaca;allantoina;ipoxantina;urea;acido urico;E
165;LA TOSSINA COLERICA AGISCE SULL'ADENILATO CICLASI:;LEGANDOSI ALLA SUBUNITA' ALFA;BLOCCANDO LA SUBUNITA' ALFA;"MODIFICANDO LA
STRUTTURA DELLA SUBUNITA' ALFA";"BLOCCANDO IL
COMPLESSO ALFA-BETAGAMMA";"BLOCCANDONE IL LEGAME
CON IL GTP";C
166;"QUALE TRA LE SBGUENTI TOSSINE BATTERICHE HA UNO SPICCATO EFFETTO SUL
RICAMBIO IDRICO-SALINO:";TOSSINA BOTULINICA;ENTEROTOSSINA STAFILOCOCCICA;TOSSINA TETANICA;TOSSINA COLERICA;"ENDOTOSSINA DEI BATTERI
GRAM-NEGATIVI";D
167;Un precursore nella sintesi della sfingosina è:;UDP-glucoso;CDP-gliceride;acido fosfatidico;"CMP-acido N-
acetilneuraminico";serina;E
168;Fra i seguenti componenti plasmatici indicare quello che ha il maggior contenuto di colesterolo:;chilomicroni;HDL;VLDL;LDL;albumina;D
169;"QUALI TRA I SEGUENTI POSSONO ESSERE CONSIDERATI BATTERI
""OPPORTUNISTI"":";PROTEUS;RICKETTSIE;CLOSTRIDII;SALMONELLA;BRUCELLE;A
170;"Quale vitamina è utilizzata nel trasferimento
dei gruppi metilici e formilici?";tiamina;acido ascorbico;acido folico;piridossale;riboflavina;C
171;"QUALI TRA I SEGUENTI POSSONO
ESSERE CONSIDERATI BATTERI ""OPPORTUNISTI"":";MICOBATTERI;CLOSTRIDII;SALMONELLE;BRUCELLE;PSEUDOMONAS;E
172;"Una dieta priva di alimenti vegetali e frutta svilupperà facilmente manifestazioni carenziali di
quale vitamina?";tocoferolo;acido ascorbico;tiamina;niacina;cianocobalamina;B
173;Quale di questi composti non è correttamente definito con la corrispondente sigla della vitamina:;acido ascorbico - vitamina C;alfa-tocoferolo – vitamina E;piridossalfosfato – vitamina B2;tiamina – vitamina B1;"cianocobalamina – vitamina
B12";C
174;"LE ENDOTOSSINE DEI BATTERI GRAM
NEGATIVI SONO:";POLISACCARIDI;PROTEINE;GLICOPROTEINE;LIPOPOLISACCARIDI;LIPOPROTEINE;D
Item;Domanda;A;B;C;D;E;OK
175;"Quale affermazione sulla vitamina D non è corretta?:
QUALE DELLE SEGUENTI TOSSINE BATTERICHE E' FORTEMENTE PIROGENA:";"essa è convertita in forma attiva da un ormone
TOSSINA COLERICA";"i bambini dei tropici generalmente non necessitano di vitamina D dietetica
TOSSINA STAFILOCOCCICA";"il latte crudo è buona fonte di vitamina D
TOSSINA ALFA DEL CL.PERFRINGENS";"il 7-deidrocolesterolo è convertito nella pelle umana a colecalciferolo per irradiazione ultravioletta
TOSSINA DIFTERICA";"essa agisce a livello genico
ENDOTOSSINA DEI BATTERI GRAM-";"C
E"
176;;;;;;;
177;"L'ENTEROTOSSINA STAFILOCOCCICA POSSIEDE TUTTE LE SEGUENTI CARATTERISTICHE, ECCETTO UNA; INDICARE QUALE:";HA UN PESO MOLECOLARE DI CIRCA 40.000 D;E' PRODOTTA SOLO DA ALCUNI CEPPI DI ST. AUREUS MA NON DALLO ST. EPIDERMIDIS;E' TERMOLABILE;E' ASSORBITA MOLTO RAPIDAMENTE NELL'INTESTINO;AGISCE STIMOLANDO I RECETTORI NERVOSI A LIVELLO;C
178;L’enzima più importante nel controllo della velocità del ciclo degli acidi tricarbossilici è:;malico deidrogenasi;alfa-chetoglutarico deidrogenasi;isocitrico deidrogenasi;citrico sintetasi;fumarasi;C
179;Qual’ è il donatore di metile nella sintesi della fosfatidilcolina dalla fosfatidil-etanolamina:;metil-THFA;S-adenosilmetionina;metil-B12;"5’-
desossiadenosilcobalamina";metionina;B
180;"QUALE DELLE SEGUENTI TOSSINE
AGISCE A LIVELLO DELLE PLACCHE MOTRICI BLOCCANDO IL RILASCIO DI ACETILCOLINA:";TOSSINA DIFTERICA;TOSSINA TETANICA;TOSSINA BOTULINICA;TOSSINA COLERICA;"TOSSINA ALFA DEL CL.
PERFRINGENS";C
181;"Il colesterolo non è precursore di quale dei
seguenti composti?";acidi biliari;ormoni glucocorticoidi;vitamina D;alfa-tocoferolo;androgeni ed estrogeni;D
182;"QUALE DELLE SEGUENTI TOSSINE SI
LEGA AI GANGLIOSIDI DEL SISTEMA NERVOSO CENTRALE:";TOSSINA DIFTERICA;TOSSINA TETANICA;TOSSINA BOTULINICA;TOSSINA COLERICA;"TOSSINA ALFA DEL CL.
PERFRINGENS";B
183;"Nella chetoacidosi diabetica, i tessuti extraepatici metabolizzano l’acido aceto- acetico
formando come primo substrato quale dei seguenti composti:";HMG-CoA (< -idrossi < - metilglutarilCoA);acetoacetilCoA;colesterolo;acido < -idrossibutirrico;acetone;B
184;"QUALE DELLE SEGUENTI TOSSINE
AGISCE ANCHE A LIVELLO DELLE PLACCHE MOTRICI CAUSANDO ACCUMULO DI ACETILLCOLINA:";TOSSINA DIFTERICA;TOSSINA TETANICA;TOSSINA BOTULINICA;TOSSINA COLERICA;"TOSSINA ALFA DEL CL.
PERFRINGENS";B
185;"Scegliere l’acido grasso essenziale dalla
seguente lista:";acido stearico;acido oleico;acido linoleico;acido palmitico;acido propionico;C
186;QUALI TRA LE SEGUENTI SOSTANZE CANCEROGENE DEVONO AVERE NELL'AMBIENTE DI LAVORO UN VALORE SOGLIA 0 (OSSIA DEVONO ESSERE TRATTATE A CICLO CHIUSO)?;VINIL-CLORURO;BETA-NAFTILAMINA;BENZIDINA;TUTTE LE PRECEDENTI;NESSUNA;D
187;"LA MALATTIA DA SIERO ETEROLOGO HA
UN PERIODO DI INCUBAZIONE DI:";POCHI MINUTI;1-2 ORE;12-24 ORE;2-9 GIORNI;7-12 GIORNI;E
188;Quale dei seguenti coenzimi catalizza la trasformazione dell’Acetil-CoA in Malonil- CoA:;TPP (tiamina pirofosfato);desossiadenosilcobalamina;acido lipoico;biotina;piridossale-5-fosfato;D
Item;Domanda;A;B;C;D;E;OK
189;"QUALE DI QUESTI PRODOTTI E' ELEMENTO INTERMEDIO NELLE SINTESI DEL COLESTEROLO DALL'ACETATO?
In quale delle seguenti reazioni è utilizzato il succinilCoA?";"L'ACIDO URICO
< -ossidazione acidi grassi";"LO SQUALENE
biosintesi della porfirina";"IL TRIPTOFANO
transaminazione per formare l’acido glutamico";"IL FRUTTOSIO
ciclo dei pentosi";"LA LECITINA
transdesaminazione";"B
B"
190;;;;;;;
191;"MALATTIA DA METAZOI CAPACI DI PROVOCARE SUB-OCCLUSIONE OD
OCCLUSIONE INTESTINALE E':";L'OSSIURIASI;L'ANCHILOSTOMIASI;LA CISTICERCOSI;L'ASCARIDIASI;LA TENIASI;D
192;"L’istidina è convertita ad istamina mediante
una reazione di:";transaminazione;idrossilazione;decarbossilazione;riduzione NADH;metilazione;C
193;"LA BILIRUBINEMIA TOTALE DEL SIERO DI
SANGUE E' NORMALMENTE DI:";0,01 - 0,05 MG % ML;0,07 - 0,10  MG % ML;0,12 -0,14  MG % ML;0,20 - 0,25  MG % ML;0,30 - 1,00  MG % ML;E
194;"Quale dei seguenti aminoacidi viene
incorporato interamente nella struttura dell’anello purinico:";acido aspartico;b glicina;glutamina;acido glutamico;alanina;B
195;QUALE DI QUESTI DATI DI LABORATORIO RISULTA NETTAMENTE AUMENTATO NELLE FASI DI ATTIVITA'   DEL LINFO- GRANULOMA HODGKIN?;CUPREMIA;PIASTRINEMIA;SIDEREMIA;ALBUMINEMIA;AZOTEMIA;A
196;"Una deficienza di acido folico produce anemia megaloblastica macrocitica,  ritardando quali delle
seguenti reazioni?";reazioni della sintesi pirimidinica;conversione dell’IMO a AMP e GMP;reazioni della sintesi purinica;conversione del dUMP e dTMP;riduzione del riboso a desossiriboso;C
197;NEL LIQUOR, DI NORMA, GLI ELEMENTI CITOLOGICI SONO IN MISURA MEDIAMENTE DI:;3-4/MM ELEVATO ALLA TERZA;12-15/MM ELEVATO ALLA TERZA;20-25/MM ELEVATO ALLA TERZA;30-35/MM ELEVATO ALLA TERZA;"90-95/MM ELEVATO ALLA
TERZA";A
198;La deficienza di carnitina nell’uomo porta a debolezza muscolare ed a parziale disfunzione epatica perché nel muscolo e nel fegato si accumula quale delle  seguenti sostanze?;glicogeno;acidi grassi a numero dispari di carbonio;sfingofosfolipidi;trigliceridi;colesterolo;D
199;"La gluconeogenesi può partire da tutti i
seguenti composti ad eccezione di:";acido ossalacetico;acido piruvico;propionil-CoA;acido idrossibutirrico;"acido alfa-
chetoglutarico";D
200;LA FORMA GRAVE O SUBACUTA DELLA EPATITE VIRALE PUO' EVOLVERE VERSO:;L'ATROFIA SUBACUTA;LA CIRROSI POST-NECROTICA;L'EPATITE CRONICA INATTIVA;LA FIBROSI PORTALE RESIDUA;"TUTTE QUESTE POSSIBILI
FORME DI";E
201;"LA DIAGNOSI DI CERTEZZA DELL'INFEZIONE COLERICA SI PRATICA
RICERCANDO IL GERME MEDIANTE:";COPROCULTURA;MIELOCULTURA;EMOCOLTURA;URINOCOLTURA;TUTTE QUESTE INDAGINI;A
202;Per la sintesi di tutti i seguenti composti è richiesto NADPH, ad eccezione di uno, quale?;fosfatidilcolina;acidi grassi;colesterolo;DNA;ormoni steroidi;D
203;NELLA ANEMIA PERNICIOSA SI RILEVA:;"IL VALORE GLOBULARE
AUMENTATO";MICROCITOSI;"RETICOLOCITEMIA
AUMENTATA";LEUCOCITOSI;IPEFCLORIDRIA;A
204;"Segnare l’enzima che interviene nella sola
gluconeogenesi e non nella glicolisi:";glucoso-fosfato isomerasi;fruttoso difosfatasi;enolasi;lattico deidrogenasi;"3-fosfogliceraldeide
deidrogenasi";B
Item;Domanda;A;B;C;D;E;OK
205;"QUALE DI QUESTI GERMI E' GRAM- POSITIVO?
Quale dei seguenti composti non ha attività antiossidante?";"VIBRIONE DEL COLERA
vitamina A";"MENINGOCOCCO
vitamina C";"CLOSTRIDIO BOTULINICO
vitamina E";"BRUCELLA MELITENSE
vitamina K";"SALMONELLA TIPHI
glutatione";"C
D"
206;;;;;;;
207;"Gli enzimi sottosegnati richiedono
piridossalfosfato come coenzima ad eccezione di uno, quale?";glutamico-ossalacetico transaminasi (GOT);alanina 2-ossalglutarico aminotransferasi;glicogeno fosforilasi;glutamico deidrogenasi;aminolevunilico sintetasi;D
208;"NEL MIXEDEMA DELL'ADULTO E' DI
REGOLA:";IPERVOLEMIA;"DIMINUZIONE DELL'H2O
INTERSTIZIALE";POLIURIA;"AUMENTO DELL'H20
TOTALE CORPOREA";POTOMANIA;D
209;"Nel plasma il ferro è trasportato da quale
proteina?";emoglobina;transferrina;ceruloplasmina;albumina;aptoglobulina;B
210;"LA DERMATITE DA CONTATTO E' UNA
REAZIONE IMMUNE DI:";TIPO PSEUDOALLERGICO;I TIPO: REAGINICA;II TIPO: CITOTOSSINA;"III TIPO: DA COMPLESSI
IMMUNI";IV TIPO: CELLULARE;E
211;"PNEUMOPATIA PARASSITARIA DA
PROTOZOI E' QUELLA DA:";AMEBIASI;IDATIDOSI;ASCARIDOSI;SCHISTOSOMIASI;DISTOMATOSI;A
212;"Gli enzimi sotto indicati vengono regolati per fosforilazione/defosforilazione ad  eccezione di uno,
quale?";glucoso 6 fosfatasi;glicogeno sintetasi;piruvico deidrogenasi;glicogeno fosforilasi;lipoproteina lipasi;A
213;IL CITOPLASMA ERITROCITARIO E':;ACIDOFILO;NEUTROFILO;POLICROMATOFILO;BASOFILO;INTENSAMENTE;A
214;Tutte le seguenti considerazioni sugli istoni sono esatte ad eccezione di una:;sono lipoproteine ad alto peso molecolare;sono proteine ricche di arginina e lisina;"sono proteine legate non covalentemente al DNA in
quantità stechiometriche";contengono molti residui aminoacidici modificati;"oltre che interagire col DNA
possono interagire fra";A
215;"La traduzione di una sequenza nucleotidica in una sequenza aminoacidica prevede un notevole
numero di fattori cellulari sottosegnati ad eccezione di uno:";ribosomi;RNAm;RNAt;fattori di allungamento;lisosomi;E
216;"I MEAOZOITI DELLA MALARIA CHE SI LIBERANO DALLA ROTTURA DEL GLOBULO
ROSSO:";"SONO INOCULATI COME TALI DALL'ANOFELE
NELL'UOMO";"DERIVANO IMMEDIATAMENTE DAL
TROFOZOITA";"DERIVANO IMMEDIATAMENTE DALLE
SPOROZOITA";"DANNO ORIGINE DIRETTAMENTE ALLO
SCHIZONTE";"DERIVANO DALLA DIVISIONE DELLO
SCHIZONTE";E
217;"NELL'INSUFFICIENZA
CORTICOSURRENALICA SECONDARIA (RIDOTTA SECREZIONE DI ACTH) SI RILEVA QUASI SEMPRE:";ALDOSTERONE NORMALE;MELANODERMIA;IPERSODIEMIIA;IIPOPOTASSIEMIA;IPERCLOREMIA;A
218;"Segnalare quale enzima non partecipa alla
formazione di urea:";ornitina carbamiltransferasi;arginasi;isocitrico deidrogenasi;algininsuccinico liasi;"carbamilfosfato
sintetasi";C
219;"LA MELATONINA (5-METOSSI. N-ACETIL-
TRIPTAMINA) E' UN ORMONE SECRETO:";DALLA TIROIDE;DAL CORTICOSURRENE;DALLA IPOFISI;DALLA PINEALE;DALLA PARATIROIDI;D
220;"Il modello del DNA proposto da Watson-Crick
presenta le seguenti caratteristiche ad eccezione di una:";una struttura a doppia elica;le catene sono avvolte in senso antiparallelo;l’accoppiamento fra le basi A-T e G-C;"i legami covalenti fra le coppie
di basi";"i legami covalenti
fosfodiesterei fra i desossiribonucleosidi";D
221;"LA CARENZA DI C-21-IDROSSZLASI A
LIVELLO SURRENALICO PROVOCA:";IPERINCREZIONE DI ACTH;"AUMENTATA SINTESI DI
DESOSSICOSTERONE.";"AUMENTATA SINTESI DI
CORTISOLO";"AUMENTATA SINTESI DI
ALDOSTERONE";"DIMINUITA SINTESI
DI";A
222;"Tutti gli RNA transfer (RNAt) hanno le
seguenti caratteristiche ad eccezione di una errata:";la terminazione 5’ è fosforilata;sono formati da un unico filamento;contengono basi metilate;"la sequenza dei nucleotidi che
costituiscono l’anticodon è la";"la terminazione 3’ è costituita
dalla sequenza di basi";D
Item;Domanda;A;B;C;D;E;OK
223;"Quale proteina fra quelle sottoindicate, non è attivata dallo ione Ca2+:
LA SINDROME DI KLINEFELTER PUO' ESSERE
DOVUTA:";"calmodulina
NON DISGIUNZIONE MEIOTICA MATERNA";"troponina c
NON DISGIUNZIONE MEIOTICA PATERNA";"trombina
PRECOCE NON DISGIUNZIONE MEIOTICA";"fosforilasi b cinasi muscolare
A TUTTE LE CAUSE SOPRADETTE";"arginasi
A NESSUNA DELLE CAUSE";"E
D"
224;;;;;;;
225;"L’ossidazione aerobica dell’acido succinico nei
mitocondri richiede:";alfa-tocoferolo;ubichinone;vitamina K;rotenone;citocromo P-450;B
226;"L'ASSENZA DI 21-IDROSSILASI
DETERMINA UN AUMENTO DI:";CORTISONE;ESTROGENI;ANDROGENI;PROGESTERONE;ALDOSTERONE;C
227;"L'INSULINA REGOLA I LIVELLI EMATICI
DEL:";CALCIO;MAGNESIO;GLUCOSIO;FERRO;FOSFORO;C
228;La carnitina è:;un cofattore dell’enzima acilCoA-sintetasi;un cofattore dell’enzima acilCoA-deidrogenasi;il “trasportatore degli acili dentro e fuori dal mitocondrio;una vitamina;un nucleotide;C
229;"Quale dei seguenti composti è un corpo
chetonico?";acido butirrico;acido acetico;acido acetoacetico;acido gamma-linoleico;acido propionico;C
230;L'OVAIO POLICISTICO TIPICO E' CARATTHRIZZATO DA:;"NORMALE LH, ELEVATO FSH, DIMINUZIONE DI
ESTRADIOLO";"NORMALE LH, AUMENTO DEL TESTOSTERONE E
DELL'ESTRADIOLO";"NORMALE LH, AUMENTO ANDROSTENEDIONE ED
ESTRADIOLO";"AUMENTO DI LH, TESTOSTERONE ED
ESTRADIOLO";"AUMENTO DI LH, ANDROSTENEDIONE
ED ESTRONE";E
231;"LA FREQUENZA DELLA SINDROME DI
KLINEFELTER E':";1:100;388.888.889;1:10.000;1:40.000;1:50.000;B
232;Quale esame immunologico può confermare la diagnosi di “anemia emolitica acquisita”:;tasso di protrombina;test dell’immunofluorescenza;immunoelettroforesi;test di Waaler-Rose;test di Coombs;E
233;"LA C02 PRODOTTA DAI TESSUTI
PERIFERICI VIENE TRASPORTATA NEL SANGUE IN MAGGIOR PARTE:";SOTTO FORMA DI CO2 IN SOLUZIONE;LEGATA AI GRUPPI AMINICI DELL'EMOGLOBINA;SOTTO FORMA DI BICARBONATO;LEGATA AL GRUPPO EME DELL' EMOGLOBINA;SOTTO FORMA DI UREA;C
234;Per cromosoma Philadelphia si intende:;un 22-autosoma accessorio nella leucemia mieloide cronica;la perdita parziale del braccio lungo dell’autosoma 22 nella leucemia cronica;un cromosoma (45XY) abnorme, patognomico per la leucemia mieloide  cronica;"la presenza di un cromosoma
patologico nei linfociti nella leucemia mieloide cronica";nessuna delle possibilità su indicate;E
235;Il mieloma multiplo è una neoplasia dei:;granulociti neutrofili;mieloblasti;osteoblasti;plasmacellule;mastociti;D
236;"NELLA CELLULA ANIMALE NON SONO
PRESENTI:";LISOZIMI;CENTRIOLI;CORPI DI GOLGI;CIGLIA E FLAGELLI;PLASTIDI;E
237;Non è un reperto tipico del plasmacitoma:;dolori ossei;fosfatasi sierica aumentata;VES fortemente aumentata;anemia;ipercalcemia;B
238;NON E' CAUSA DI IPERFOSFATEMIA:;IPOPARATIROIDISMO;"PSEUDO-
IPOPARATIROIDISMO";INSUFFICIENZA RENALE;"SOVRADOSAGGIO DI VIT.
D";OSTEOMALACIA;E
239;Nella malattia di Paget si ha:;aumento calcemia;aumento fosforemia;aumento fosfatasi alcalina;aumento fosfatasi acida;"nessuna di queste
alterazioni";C
240;NON E' CAUSA DI IPOMAGNESIEMIA:;"SINDROMI DA
MALASSORBIMENTO";DIARREA;IPERALDOSTERONISMO;"TRATTAMENTO
INSULINICO";MORBO DI ADDISON;E
241;"QUALE DEI SEGUENTI DIFETTI GENETICI
DI PROTEINE PLASMATICHE E' CLINICAMENTE ASINTOMATICO:";BISALBUMINEMIA;DIFETTO GENETICO DI ALFA-ANTITRIPSINA;DIFETTO GENETICO DI CERULOPLASMINA;"DIFETTO GENETICO DI ALFA
LIPOPROTEINE";"DIFETTO GENETICO DI
BETA-";A
242;"Quale substrato in genere non è aumentato
nell’ittero da ostruzione?";colinesterasi;gamma-GT;LDH;LAP;bilirubina totale;A
Item;Domanda;A;B;C;D;E;OK
243;"Quale dei seguenti enzimi ha la più alta specificità
per il pancreas?";alfa-amilasi;LDH, isoenzima 5;lipasi;diastasi;lipoproteina X;C
244;I VALORI PIU' ELEVATI DI TRIGLICERIDI SERICI SI HANNO, SECONDO LA CLASSZFZCA2ZON8 DI FREDRICKSON, NEI TIFI:;I E II;I E V;Il E III;II E IV;II E V;B
245;L'ISOENZMA DELLA LATTICO DEIDROGENASI LA CUI ATTIVITA' SERICA AUMENTA IN MAGGIOR MISURA IN CASO DI INFARTO DEL MIOCARDIO E':;LDH 1;LDH 2;LDH 3;LDH 4;LDH 5;A
246;"Nella sindrome di Zollinger-Ellison si ha
un’aumentata concentrazione sierica di:";gastrina;glucagone;insulina;eritropoietina;pancreozimina;A
247;"IN QUALE DI QUESTE AFFEZIONI
MORBOSE SI RILEVA ABITUALMENTE LINFOCITOSI?";LINFOMA Di HDDGKIN;LINFOSARCOMA;STRESS, TRAUMI;USTIONI ESTESE;TUTTE QUESTE CONDIZIONI;B
248;"Le seguenti sostanze stimolano la secrezione
di ADH eccetto:";morfina;alcool;reserpina;barbiturici;nicotina;B
249;NELLE ANEMIE SIDEROPENICHE SI RILEVA:;AUMENTO DELLA TRANSFERRINA INSATURA;IPERBILIRUBINEMIA;"DIMINUITA CAPACITA' SERICA TOTALE DI FERRO-
FISSAZIONE";DIMINUZIONE DELLA CUPREMIA;MEGALOCITOSI REATTIVA;A
250;"Per la diagnosi differenziale tra diabete
insipido nefrogenico e diabete insipido primitivo si usa:";il test di Metopirone;il test della diluizione (Volhard);il test della concentrazione;il test dell’ADH;la determinazione della filtrazione glomerulare mediante la clearance dell’insulina;D
251;l propiltiouracile ha un effetto tireostatico principalmente perchè:;diminuisce lo iodio inorganico del siero;inibisce l’immissione di tiroxina dai follicoli;blocca l’entrata dello iodio nella tiroide;"inibisce l’incorporazione dello
iodio nell’ormone tiroideo";diminuisce l’increzione di TSH;D
252;"NELL'ANEMIA EMOLITICA CRONICA CON
EMOGLOBINURIA PAROSSISTICA NOTTURNA SI RILEVA:";LEUCOCITOSI;IPERBILIRUBINEMIA CONIUGATA;RETICOLOCITOSI SEMPRE ASSENTE;EMOSIDERINURIA ASSENTE;"RIDOTTA ATTIVITA'
ACETILCOLINESTER ASICA DEGLI";E
253;"GLI ANTICORPI ANTIERITROCITARI
«FREDDI» S0N0 DI TIPO COMPLETO E APPARTENGONO ALLA CLASSE IMMUNOGLOBULINICA:";IGM;IGG;IGD;IGA;IGE;A
254;Sintomi dell’insufficienza corticosurrenalica primaria sono i seguenti ad eccezione di:;inappetenza e vomito;adinamia e astenia;ipernatriemia ed ipokaliemia;ipotermia;iperpigmentazione;C
255;"LA FIBRINOLISI AVVIENE SOPRATTUTTO AD OPERA DI UN ENZIMA PROTEOLITICO
ELABORATO  PRINCIPALMENTE DA:";LEUCOCITI;ERITROCITI;PIASTRINE;FIBROBLASTI;TUTTE QUESTE CELLULE;A
256;Una insufficienza primaria del testicolo con valori di FSH e LH aumentati si trova nel(la):;eunucoidismo idiopatico;panipopituitarismo;sindrome di Klinefelter;sindrome adrenogenitale (AGS);azospermia;C
257;"Per valutare la capacità di concentrazione dei
reni è più utile la determinazione:";dell’osmolalità;del peso specifico;degli elettroliti Na e K;della proteinuria;della glicosuria;A
Item;Domanda;A;B;C;D;E;OK
258;"LA PROTEINURIA DI BENCE-JONES E' PRESENTE IN:
COME S0N0 I TUMORI DEL TESTICOLO:";"MIELOMA MULTIPLO
QUASI SEMPRE BENIGNI";"MACROGLOBULINEMIA
QUASI SEMPRE MALIGNI";"ENTRAMBE LE PRECEDENTI
PIU' COMUNI SUL LATO SINISTRO";"CANCRO DELLA PROSTATA
BENIGNI NEI PAZIENTI
SOTTO I 30 ANNI";"NESSUNA
BENIGNI NEI PAZIENTI SOPRA I 30";"C
B"
259;;;;;;;
260;Su cosa agisce la calcitonina?;rene;fegato;tessuto osseo;tessuto cartilagineo;su nessuno di questi;C
261;"NELLA SINDROME ZOLLINGER-ELLISON QUALE DEI SEGUENTI ORMONI PRESENTA UN
TASSO ELEVATO:";GASTRINA;PANCREOZIMINA;ERITROPOIETINA;INSULINA;GLUCAGONE;A
262;"Il test di Paul-Bunnel in un paziente affetto da tonsillite febbrile si fa per escludere o per confermare
la diagnosi di:";angina di Plaut-Vincent;difterite;angina da streptococchi;mononucleosi infettiva;angina da Coxsackie A;D
263;Il virus di Epstein-Barr viene oggi considerato come l’agente patogeno del(la):;esantema subitum;malattia di Bornholm;eritema infectiosum;stomatiteaftosa;mononucleosi infettiva;E
264;"QUAL E' IL TRATTO DI MAGGIOR
ASSORBIMENTO DEI GRASSI:";LO STOMACO;IL DUODENO;IL DIGIUNO;L'ILEO;IL COLON;C
265;La calcitonina è secreta:;dal fegato;dal rene;dalla tiroide;dalle paratiroidi;dal surrene;C
266;"LA CONSEGUENZA DELL'INTERVENTO DI
TIRODECTOMIA TOTALE?";"LESIONE DEL NERVO
RICORRENTE";IPERTIROIDISMO;TETANIA;IPOTIROIDISMO;ESOFTALMO;D
267;La liberazione di renina è stimolata da:;"aumento della pressione
arteriosa";aumento della volemia;liberazione di istamina;"riduzione della gittata
sistolica";infarto renale;D
268;COSA C'E' NELLA SINDROME DI GILBERT:;"UN AUMENTO DI
FREQUENZA";"IPERBILIRUBINEMIA NON
CONIUGATA";BILIRUBINA CONIUGATA;"AUMENTO DELL'ATTIVITA'
DELLE TRANSFERASI";"FREQUENTI
COLICHE";B
269;Il test di Coombs:;evidenzia la presenza di immunoglobuline anti-Rh nel siero materno o sulla superficie delle emazie;si effettua inoculando anticorpi anti-Rh alle donne Rh-negative subito dopo il parto;consiste nella exsanguinotransfusione intrauterina del feto colpito da eritroblastosi;utilizza un sistema rivelatore costituito da eritrociti e anticorpi antieritrociti;"si può effettuare solo nelle
primipare";A
270;"QUAL E' IL FATTORE DELLA COAGULAZIONE NECESSARIO SIA PER IL
TEMPO DI TROMBOPLASTINA PARZIALE CHE PER IL TEMPO DI PROTROMBINA:";XII;X;VII;VIII;IX;B
271;UN CARATTERISTICO INDICE DI LABORATORIO NELLA MONONUCLEOSI E':;ANEMIA EMOLITICA;TROMBOCITOPENIA;ABBASSAMENTO DELLE TRANSAMINASI SERICHE;LEUCOCITOSI LINFOCITICA;TUTTE LE PRECEDENTI;D
272;Le malattie autoimmuni:;derivano da eccessiva selezione clonale;si verificano quando si instaura una tolleranza indotta da bassa dose di antigene;consistono in una risposta immunitaria verso antigeni endogeni, con danno ai tessuti;"si manifestano essenzialmente
con la produzione di autoanticorpi";insorgono nel periodo perinatale di immaturità immunologica;C
273;"NELL'INFARTO MIOCARDICO QUALE DEI SEGUENTI ENZIMI AUMENTA PER ULTIMO E
RIMANE ELEVATO  PER LUNGO TEMPO:";SGOT;CPK;LDH;ALDOLASI;FOSFATASI ALCALINA;C
274;Gli anticorpi monoclonali:;si utilizzano nella desensibilizzazione delle malattie allergiche;sono rivolti tutti verso lo stesso antigene;sono costituiti da una sola classe di Ig;"si ottengono preimmunizzando
l’animale con globuli rossi di montone";"sono prodotti da un unico clone
cellulare e presentano tutti la stessa";E
Item;Domanda;A;B;C;D;E;OK
275;"La mutazione puntiforme:
CIASCUNA DELLE SEGUENTI E' UNA REAZIONE POSSIBILE ALLA TRASFUSIONE DI SANGUE INTERO ECCETTO:";"è una modificazione di entità modesta, che non altera il messaggio genetico
FEBBRE";"riguarda un solo nucleotide e consiste nella sua sostituzione, inserzione o  delezione
EMOLISI";"consiste in una alterazione del genoma che rende impossibile la codificazione di una proteina
ORTICARIA";"si verifica solo nei geni strutturali
IPERCALCEMIA";"consiste nella formazione di un chiasma puntiforme tra cromosomi omologhi
IPOCALCEMIA";"B
D"
276;;;;;;;
277;"IN QUALE AFFEZIONE LA FOSFATASI
ALCALINA NEL SIERO E' AUMENTATA?";CANCRO DELLA PROSTATA;"CANCRO DELL'AMPOLLA DI
VATER";PAROTITE EPIDEMICA;ULCERA DUODENALE;"PANCREATITE
ACUTA";B
278;Le malattie a trasmissione autosomica dominante:;sono quelle con grande penetranza ed espressività del gene patologico;"si manifestano in un figlio di
due genitori entrambi eterozigoti";sono il risultato di una non corretta disgiunzione meiotica;si manifestano anche se il gene responsabile è presente allo stato eterozigote;tipicamente non compaiono in ogni generazione successiva;D
279;"Quali cellule contengono grandi quantità di
eparina ed istamina?";linfociti;leucociti e polimorfonucleati;basofili e mast-cellule;leucociti eosinofili;monociti;C
280;"LA NOTEVOLE DIMINUZIONE DEL
COLESTEROLO ESTERIFICATO NEL PLASMA E' INDICE DI SOFFERENZA:";TIROIDEA;EPATICA;RENALE;PANCREATICA;CORTICOSURRENAL E;B
281;COSA COMPORTA L'ACIDOSI RESPIRATORIA;AUMENTO DEL PH EMATICO ED AUMENTO DELLA PCO2;AUMENTO DEL PH EMATICO E DIMINUZIONE DELLA PCO2;"DIMINUZIONE DEL PH EMATICO E DIMINUZIONE
DELLA PCO2";"DIMINUZIONE DEL PH EMATICO ED AUMENTO
DELLA PCO2";"VALORI NORMALI DEL PH
EMATICO E DELLA";D
282;L’anemia megaloblastica può essere dovuta a:;"deficiente sintesi di catene globiniche alfa o beta
dell’emoglobina";bassa concentrazione sierica di ferro;autoanticorpi circolanti;deficienza di vitamina B12;aplasia del midollo osseo;D
283;La talassemia è dovuta a:;"deficiente sintesi di catene
globiniche alfa o beta dell’emoglobina";bassa concentrazione sierica di ferro;autoanticorpi circolanti;deficienza di vitamina B12;aplasia del midollo osseo;A
284;"DA COSA E' CARATTERIZZATA L'ALCALOSI
RESPIRATORIA?";"DIMINUZIONE DEL PH ED
AUMENTO DELLA PCO2";"DIMINUZIONE DEL PH E
DIMINUZIONE DELLA PCO2";"AUMENTO DEL PH E
DIMINUZIONE DELLA PCO2";"AUMENTO DEL PH E
AUMENT0 DELLA PCO2";"AUMENT0 DEL PH
CON";C
285;Un essudato è caratterizzato da:;basso contenuto proteico;"presenza di numerosi globuli
rossi";alto peso specifico;colore bruno;basso peso specifico;C
286;"NELLA DISTROFIA MUSCOLARE PROGRESSIVA C'E' UNA DIMINUZIONE DEL
TASSO SANGUIGNO DI:";UREA;CREATININA;CREATINA;AMMONIACA;POTASSIO;C
287;NEL PANCREAS ENDOCRINO SI TROVANO I SEGUENTI PEPTIDI MENO UNO:;SECRETINA;GLUCAGONE;INSULINA;SOMATOSTATINA;PP;A
288;Quale delle seguenti affermazioni riferita al processo infiammatorio è vera?;la dilatazione dei capillari e l’aumento di permeabilità vascolare sono causate  da differenti sostanze;il rilascio di alcuni mediatori chimici dell’infiammazione segue  immediatamente lo stimolo;la dilatazione dei capillari causa l’essudato;le chinine sono amine vasoattive;"le prostaglandine sono liberate
dalle mast-cellule";B
289;"NELLO STOMACO NORMALE SI TROVANO
I SEGUENTI PEPTIDI PRODOTTI DA CELLULE ENDOCRINE DELLA MUCOSA, MENO UNO :";SEROTONINA;SOMATOSTATINA;GASTRINA;COLECISTOCHININA;GLUCAGONE (NEL FETO);D
Item;Domanda;A;B;C;D;E;OK
290;"La bilirubina è:
LA STIMOLAZIONE MASSIMALE DELLA SECREZIONE ACIDA GASTRICA SI OTTIENE CON:";"un sale biliare utile nella digestione dei lipidi
PENTAGASTRINA";un prodotto di elaborazione dello stercobilinogeno da parte dei batteri  intestinali GLUCAGONE;"molto solubile nei lipidi quando è coniugata con l’acido glicuronico
SECRETINA";"eliminata prevalentemente dal rene e dalla cute
COLECISTOCHININA";"il principale pigmento biliare
VIP";"E
A"
291;;;;;;;
292;La bilirubina “diretta”:;"si produce direttamente nei
globuli rossi senza intervento della milza";non è solubile in acqua;"proviene dal catabolismo dei gruppi eme non derivati
dall’emoglobina";"è escreta direttamente dal rene
senza passaggio dal fegato";è coniugata con acido glicuronico;E
293;"COSA SI RISCONTRA NELLA CIRROSI
BILIARE PRIMITIVA:";AUMENTO DI IG A;AUMENTO DI IG M;IPERCOLESTEROLEMIA;LE PRIME DUE RISPOSTE;"LA SECONDA E LA
TERZA";E
294;Policitemia significa:;presenza di molte formazioni cistiche in un organo viscerale;aumento del numero delle piastrine nel sangue;"aumento del numero dei globuli rossi nel sangue
circolante";"aumento di tutti i componenti corpuscolati del sangue in un
organo";"aumento di dimensioni dei
componenti";C
295;"Un aumento dell’increzione di aldosterone
provoca:";"colorazione brunastra della
cute";ritenzione di potassio;"diminuzione della pressione
arteriosa diastolica";ritenzione renale di acqua;"aumentata
eliminazione renale";D
296;"QUALI SONO ELEMENTI CARATTERISTICI
DELL'EPATITE ACUTA DA VIRUS C:";"EPATOCITI A VETRO
SMERIGLIATO";AUMENTO DI IG M SIERICHE;"FREQUENZA DI DOPPIO
PICCO DI TRANSAMINASI";LE PRIME DUE RISPOSTE;"LA SECONDA E LA
TERZA";C
297;"NELL'EMOCROMATOSI IDIOPATZCA E'
PRESENTE:";IPERALFA-2-GLOBULINEMIA;"DEFICIT DI FERRITINA
SIERICA";"AUMENTO DI FERRITINA
SIERICA";LE PRIME DUE RISPOSTE;"LA PRIMA E LA
TERZA";C
298;Se gli eventi dell’infiammazione acuta fossero posti in sequenza, quale avverrebbe per terzo?;migrazione dei leucociti;marginazione dei leucociti;danno al tessuto;iperemia locale e arrossamento;fagocitosi;B
299;"AUMENTO DI GAMMA-GLUTAMILTRASFERASI SI VERIFICA IN
CONSEGUENZA DI:";COLESTASI;ABUSO ETILICO CRONICO;INDUZIONE ENZIMATICA DA FARMACI;"NELLE CONDIZIONI IN A ED
IN B";IN TUTTE E TRE LE CONDIZIONI;E
300;"Le cellule che compaiono per seconde in un
focolaio di infiammazione acuta sono:";i monociti;i linfociti;i granulociti neutrofili;i granulociti eosinofili;le plasmacellule;A
301;"IL VIRUS DELTA E' UN VIRUS DIFETTIVO
CHE PER REPLICARSI HA BISOGNO DI:";CITOMEGALOVIRUS;VIRUS EPATITE B;VIRUS EPATITE A;EPSTEIN-BARR VIRUS;UN RNA VIRALE;B
302;"La funzione dei leucociti polimorfonucleati e
dei monociti nell’infiammazione è:";rilascio di mediatori chimici;digestione di agenti dannosi;entrambe;nessuna delle due;altre;B
303;"A COSA E' DOVUTA LA
SIDEROCROMATOSI SECONDARIA:";"ECCESSO DI
TRANSFERRINA";"ECCESSO DI
ERITROPOIETINA";TALASSEMIA;"DEFICIT DI (-1-
ANTITRIPSINA";"TUTTE QUESTE
CONDIZIONI";C
304;Accumuli di cellule piccole, colorabili in scuro (ematossilinofile) con poco citoplasma, in un tessuto infiammato sono più probabilmente:;neutrofili;macrofagi;eosinofili;basofili;linfociti;E
305;"PARTICELLE DI DANE NEL SIER0 SI
RISCONTRANO IN:";EPATITE VIRALE DI TIPO A;EPATITE VIRALE DI TIPO B;"EPATITE DI VIRUS NON A,
NON B";"EPATITE DA AGENTE
DELTA";"EPATITE DA
CITOMEGALOVIRUS";B
306;"Accumuli di cellule grandi, debolmente
colorabili, accumulate in un tessuto infiammato, sono più probabilmente:";neutrofili;macrofagi;eosinofili;linfociti;mast-cellule;B
307;"NELL'EPATITE VIRALE A, PER QUANTO
TEMPO DALL'ESORDIO CLINICO SI RISCONTRA VIRUS NELLE FECI:";MENO DI 10 GIORNI;FINO A 20 GIORNI;FINO A 30 GIORNI;FINO A 45 GIORNI;OLTRE 45 GIORNI;A
Item;Domanda;A;B;C;D;E;OK
308;In una sezione istologica di un tessuto infiammato, colorata con ematossilina- eosina, cellule con nuclei con uno o due lobi ed evidenti granuli citoplasmatici, sono:;neutrofili;eosinofili;basofili;cellule giganti;plasmacellule;B
309;Quale delle seguenti affermazioni è falsa?;i virus sono potenti agenti piogeni;i batteri patogeni che penetrano nel corpo spesso provocano gravi infezioni;alcuni batteri possono essere ingeriti dai fagociti ma non digeriti;la quantità, la durata dell’esposizione e la patogenicità di un agente modifica la risposta infiammatoria;i batteri fagocitati prima di essere digeriti devono essere uccisi;A
310;"QUALI PROPRIETA' HA LA BILIRUBINA
NON CONIUGATA?";"NON E' LEGATA ALL'
ALBUMINA";HA AFFINITA' PER I LIPIDI;E' ESCRETA DAL RENE;LE PRIME DUE RISPOSTE;"LA PRIMA E LA
TERZA";B
311;Le plasmacellule:;sono presenti nel sangue durante le infezioni croniche;compaiono solo nelle infiammazioni causate da batteri;si trasformano in linfociti;appaiono tardivamente in un tessuto infiammato;"liberano istamina nello shock
anafilattico";D
312;"ALTERAZIONI DELLA COAGULAZIONE IN
CORSO DI MALASSORBIMENTO SONO DOVUTE A DEFICIT DI:";VITAMINA H1;VITAMINA A;FOLATI;VITAMINA K;VITAMINA B12;E
313;"QUALB E' LA SEDE DI ASSORBIMENTO
DELLA VITAMINA B12?";ILEO DISTALE;ILEO PROSSIMALE;DUODENO;COLON;DIGIUNO;A
314;L’opsonizzazione si riferisce a:;"rimozione di detriti extracellulari per mezzo di
particolari enzimi digestivi";"processo attraverso cui gli anticorpi rendono i batteri
suscettibili alla  fagocitosi";"distruzione enzimatica di grandi particelle di materiale
estraneo";"distruzione della barriera di fibrina che si forma intorno ai
batteri in certe infezioni";"lisi anticorpale di batteri con
l’intervento del";B
315;"NELLA CIRROSI EPATICA POSSONO ESSERE PRESENTI UNA O PIU' DELLE
SEGUENTI ALTERAZIONI  ORMOMALI, INDICARE QUALE/QUALI:";IPEFGLUCAGONEMIA;IPERINSULINEMIA;AUMENTO DI ORMONE SOMATOTROPO;LA PRIMA E LA TERZA RISPOSTA;LE PRIME TRE RISPOSTE;E
316;L’agranulocitosi è una situazione in cui:;"tutte le cellule bianche
diminuiscono di numero";"i granulociti sono incapaci di
fagocitare";"i neutrofili sono molto ridotti di
numero";"i neutrofili hanno un minor
numero di granuli";"avviene la
degranulazione";C
317;"LA SINTESI DI QUALE DEI SEGUENTI FATTORI DELLA COAGULAZIONE NON E' K-
DIPENDENTE?";FATTORE II;FATTORE V;FATTORE VII;FATTORE IX;FATTORE X;B
318;I linfociti:;migrano attivamente dal sangue al tessuto infiammato;proliferano attivamente negli stadi iniziali dell’infiammazione;compaiono tardivamente nell’infiammazione;"producono enzimi digestivi che
rimuovono i detriti";derivano dalle plasmacellule;C
319;IN QUALE/QUALI DELLE SEGUENTI  CONDIZIONI SI PUO' VERIFICARE IPERFOSFATASEMIA ALCALINA  ANCHE SENZA IPERBILIRUBINEMIA:;EPATOCARCINOMA;METASTASI EPATICHE;CIRROSI BILIARE PRIMITIVA;A+B;A+B+C;E
320;"Quali sono le cellule caratteristiche
dell’infiammazione granulomatosa?";macrofagi;linfociti;polimorfonucleati neutrofili;eosinofili;plasmacellule;A
321;Le cellule epitelioidi sono:;cellule epiteliali trasformate;le cellule primarie di un tumore epiteliale;macrofagi trasformati;"le cellule dello strato esterno di
un granuloma eosinofilo";"le cellule di un epitelio di
transizione";C
322;"IL TEST DI SCHILLING SERVE PER
VALUTARE L'ASSORBIMENTO DI:";VITAMINA A;VITAMINA D;VITAMINA K;VITAMINA B1;VITAMINA B12;E
Item;Domanda;A;B;C;D;E;OK
323;"QUALE COMPONENTE DELLA BILE E'
NECESSARIO PER L'ASSORBIMENTO INTESTINALE DEI GRASSI:";COLESTEROLO;BILIRUBINA;LE PRIME DUE RISPOSTE;SALI BILIARI;NESSUNO DI QUESTI;D
324;Gli individui con agammaglobulinemia legata al cromosoma X, di solito:;non hanno Ig nel siero;hanno poche cellule pre-B nel midollo;"hanno basso n° di cellule
mononucleate con recettori per il frammento Fc delle Ig";"hanno elevato n° di cellule
mononucleate con recettori del virus Epstein-Barr";hanno pochi linfociti B nel sangue periferico;B
"325
326";"Quali delle seguenti è una caratteristica delle
cellule tumorali maligne?";"perdita dell’inibizione da
contatto";aumentata coesione;basso indice mitotico;"basso rapporto
nucleo/citoplasmatico";perdita del movimento;A
;LA SECRETINA E':;UN ENZIMA PANCREATICO;UNA TOSSINA BATTERICA;"UN FARMACO
COLINERGICO";UN OMONE IPOFISARIO;NESSUNO DI QUESTI;E
327;LA CELLULA DEL SERTOLI SI TROVA:;NELL'OVAIO EMBRIONALE;"NEL CORTICOSURRENE
DEGLI INVERTEBRATI";NEI TUBULI SEMINIFERI;"NEL PANCREAS
ENDOCRINO";"NELL'EPITELIO
DELL'EPIDIDIMO";C
328;"Quale dei seguenti risultati di laboratorio non
permette di distinguere l’emofilia classica dalla malattia di Von Willebrand?";prolungato tempo di sanguinamento;diminuito livello di fattore VIII antigene;diminuito livello di attività del fattore VIII;anomala adesione piastrinica;anomala aggregazione piastrinica;C
329;"Quali delle seguenti cellule sono precursori dei
macrofagi?";eosinofili;basofili;neutrofili;linfociti;monociti;E
330;LE CELLULE OSSIFILE DELLE PARATIROIDI:;PRODUCONO GONADOTROPINE;CONTENGONO UN ELEVATO NUMERO DI MITOCONDRI;"SONO IMPLICATE NEL METABOLISMO DELLA
VITAMINA D";"CONTENGONO ABBONDANTE REL E
GOCCE LIPIDICHE";SONO CELLULE DI RIMPIAZZO;B
331;"Un possibile meccanismo di attivazione degli
oncogeni è:";crossing-over cromatidico;delezione genica;segmentazione genica;translocazione cromosomica;"incorporazione di virus
a DNA";D
332;"LE CELLULE DELLA TECA INTERNA DEL
FOLLICOLO OVARICO:";"PRODUCONO IL LIQUOR
FOLLICULI";"ORIGINANO DALL'EPITELIO
GERMINATIVO";"PRODUCONO ORMONI
ESTROGENI";"DEGENERANO DOPO
L'OVULAZIONE";"PRODUCONO
L'INSULINA";C
333;LA MALATTIA DI HASHIMOTO E':;ENCEFALITE GIAPPONESE;MALATTIA DA RADIAZIONI;MALATTIA DELLA TIROIDE;"MALATTIA
DELL'APPARATO LOCOMOTORE";SINDROME POLIENDOCRINA;C
334;"I prodotti citoplasmatici degli oncogeni
possono agire nelle cellule interessate:";"modificando direttamente
l’mRNA";come fattori di crescita;come lipasi;come treoninchinasi;come serinchinasi;B
335;"LA SINDROME ADRENOGENITALE
DELL'ADULTO E' SOSTENUTA DA:";"TUMORI SURRENALICI
FUNZIONANTI";TUMORI DEL TESTICOLO;PAROTITE EPIDEMICA;"CARCINOMA DELLA
PROSTATA";DISGERMINOMA;A
336;Gli enzimi microsomiali (indicare l’affermazione corretta):;hanno un’elevata specificità di substrato;sono localizzati nel reticolo endoplasmatico liscio;trasformano generalmente i farmaci in composti più liposolubili;catalizzano principalmente reazioni di idrolisi e di coniugazione con acido acetico;sono coinvolti prevalentemente nel metabolismo di sostanze che sono normali costituenti;B
337;IL TEST AL GN-RH SERVE A DISCRIMINARE:;UN DEFICIT IPOFISARIO DA UN DEFICIT IPOTALAMICO;UN DEFICIT IPOTALAMICO DA UN DEFICIT OVARICO;UN DEFICIT IPOFISARIO DA UN DEFICIT OVARICO;"UN'ALTERAZIONE DEI MECCANISMI DI FEED-
BACK";"UN DEFICIT DI PRODUZIONE
DI FSH DA UN";A
338;"La natura chimica dell’angiotensina è (indicare
l’affermazione corretta):";lipidica;glicidica;proteica;steroidea;aminoglicosidica;C
339;"Nelle cellule della mucosa del tubo digerente, gli ioni ferrosi sono trasformati in ferrici e si
combinano con (indicare l’affermazione corretta):";la transferrina;la apoferritina;la deferossamina;la emosiderina;i citocromi;B
Item;Domanda;A;B;C;D;E;OK
340;"NELLA MOLA VESCICOLARE SI RISCONTRA:
QUALE DEI SEGUENTI ORMONI E' INIBITO DAL PIF?";"UN FLUSSO MESTRUALE ABBONDANTE
L'ORMONE DELLA CRESCITA";"ELEVATO PROGESTERONE
LA PROLATTINA";"ELEVATO HCG
LA CORTICOTROPINA";"ELEVATO 17 OH PROGESTERONE L'ORMONE
LUTEINIZZANTE";"ELEVATO ESTRIOLO
L'ORMONE FOLLICOLO-";"C
B"
341;;;;;;;
342;Dopo essere stati sintetizzati dalle cellule della tiroide, gli ormoni tiroidei sono depositati (indicare l’affermazione corretta):;nei follicoli tiroidei legati alla tireoglobulina;nelle cellule tiroidee, legati ai microsomi;negli spazi venosi della tiroide;"nelle cellule tiroidee, legati alle
proteine citoplasmatiche";negli spazi linfatici della tiroide;A
343;"Uno dei seguenti è il principale organo sede
del metabolismo degli ormoni tiroidei; indicare quale:";rene;cute;fegato;muscolo striato;tessuto adiposo;C
344;DOVE AGISCE L'ACTH:;"SULLA MIDOLLARE DEL
SURRENE";SULLA TIROIDE;"SULLA CORTICALE DEL
SURRENE";SULL'OVAIO;SULL'IPOFISI;C
345;"QUALB EFFETTO SUL METABOLISMO DEL
GLUCOSIO HA IL CORTISOLO:";IPERGLICEMICO;IPOGLICEMICO;"NON AGISCE SULLA
GLICEMIA";"IPERGLICEMICO ED
IPOGLICEMICO";"INIBITORIO SULLA
SINTESI";A
346;"Una delle seguenti sostanze stimola la secrezione dell’aldosterone; indicare quale:";metirapone;angiotensina II;propanololo;TSH;cortisolo;B
347;"Una delle seguenti fa parte delle azioni farmacologiche più tipiche dei glucocorticoidi;
indicare quale:";antipiretica;antivirale;immunosoppressiva;analgesica;antiipertensiva;C
348;"DOVE AGISCE L'ORMONE FOLLICOLO-
STIMOLANTE:";SUL FOLLICOLO OVARICO;"SUL FOLLICOLO OVARICO E
SULLA TECA ESTERNA";"SULLA GHIANDOLA
MAMMARIA";SULL'UTERO;"SULLE TUBE
OVARICHE";B
349;"Una delle seguenti è un’importante funzione fisiologica della vitamina D; indicare quale:";diminuire il tasso plasmatico di calcio;diminuire il tasso plasmatico di fosforo;aumentare l’assorbimento intestinale di calcio;diminuire l’assorbimento intestinale di P;"diminuire l’assorbimento
intestinale di Ca";C
350;DOVE AGISCE L'ALDOSTERONE A LIVELLO RENALE:;SUL TUBULO RENALE PROSSIMALE;SUL TUBULO RENALE DISTALE;SUL GLOMERULO RENALE;"SULLA BRANCA DISCENDENTE DELL'ANSA
DI HENLE";SULLE ARTERIE ARCIFORMI;B
351;"QUALI SONO OLI ORGANI BERSAGLIO
DELPARATORMONE:";IL RENE;IL TESSUTO OSSEO;"IL RENE E L TESSUTO
OSSEO";"IL RENE E IL TESSUTO
ADIPOSO";"IL MUSCOLO
SCHELETRICO";C
352;"La liberazione di insulina dalle cellule pancreatiche è inibita da (indicare l’affermazione
corretta):";la stimolazione vagale;l’ipoglicemia;il glucagone;la secretina;"la somministrazione di
< -
2stimolanti";B
353;"QUALI ORMONI PRESENTANO UN
EFFETTO CALORIGENO:";ORMONI TIROIDEI;ORMONI CORTICOSTEROIDI;ACTH;FSH;LH;A
354;"Gli estrogeni naturali sono chimicamente
(indicare l’affermazione corretta):";steroidi;fosfolipidi;polipeptidi;glucosidi;mucopolisaccaridi;A
355;"Uno dei seguenti ormoni stimola nell’uomo la
produzione di testosterone da parte dei testicoli; indicare quale:";GH;TSH;FSH;LH;ACTH;D
356;QUALB EFFETTO HA L'ORMONE DELLA CRESCITA NEL TESSUTO ADIPOSO:;LIPOGENETIC0;LIPOLITICO;NESSUN EFFETTO;"ATTIVATORE DEL TRASPORTO DI
AMMINOACIDI";"ATTIVATORE DEL TRASPORTO DEL
GLUCOSIO";B
357;"QUALE ORMONE DETERMINA
L'OVULAZIONE:";LA PROLATTINA;"L'ORMONE FOLLICOLO-
STIMOLANTE";L'ORMONE LUTEINIZZANTE;L'OSSITOCINA;"L'ORMONE DELLA
CRESCITA";C
Item;Domanda;A;B;C;D;E;OK
358;"La somatotropina è (indicare l’affermazione esatta):
LE MALATTIE CHE SI ASSOCIANO AL CARCINOMA MIDOLLARE DELLA TIROIDE POSSONO COMPRENDERE:";un polisaccaride IPERPARATIROIDISMO;un fosfolipide FEOCROMOCITOMA;un polipeptide NEUROFIBROMATOSI;"uno steroide
NESSUNA DELLE SUDDETTE";"un aminoglicoside
TUTTE LE SUDDETTE";"C
E"
359;;;;;;;
360;"La secrezione di somatotropina è, almeno in
parte, stimolata da (indicare l’affermazione corretta):";un’elevata quantità di testosterone in circolo;"un fattore liberatore prodotto
nella eminenza mediana dell’ipotalamo";un fattore liberatore prodotto dalla neuroipofisi;l’iperglicemia;"un’elevata quantità di ACTH in
circolo";B
361;Le caratteristiche cellule che compaiono nel sangue nella mononucleosi infettiva sono:;monociti modificati;linfociti modificati;granulociti modificati;mastzellen;A+B;B
362;IL GOZZO PUOI ESSERE SECONDARIO A:;SINDROME DI SHEEHAN;SINDROME DI CUSHING;"ECCESSO DI ORMONI
TIROIDEI";"TUTTE LE SUDDETTE
CAUSE";"NESSUNA DELLE
SUDDETTE CAUSE";E
363;IL TSH:;E' UNA GLICOPROTEINA;"HA UNA STRUTTURA
MONOMERICA";"E' L'UNICO FATTORE
TROFICO DELLA TIROIDE";"HA UNA SUBUNITA' BETA
IN";"TUTTE LE
PRECEDEDITI";A
364;"La durata media di sopravvivenza
dell’eritrocita normale è:";1 mese;2 mesi;3 mesi;4 mesi;6 mesi;D
365;L'INCREZIONE DI OH E' STIMOLATA DA:;LISIN-VASOPRESSINA;L-DOPA;GLUCAGONE;TUTTE LE SUDDETTE;"NESSUNA DELLE
SUDDETTE";D
366;La tiroidite di Hashimoto è:;un processo autoimmune;una flogosi cronica aspecifica;una flogosi del rene;una malattia congenita;"una malattia
rapidamente";A
367;NELLA CIRROSI EPATICA:;L'ESTRADIOLO E' SEMPRE ELEVATO;VI E' UNA BUONA CORRELAZIONE TRA ESTRADIOLO E GINECOMASTIA;E' AUMENTATA LA PRODUZIONE DI TESTOSTERONE;TUTTE LE EVENIENZE SUDDETTE;NESSUNA DELLE EVENIENZE SUDDETTE;E
368;Il feocromocitoma è:;una neoplasia della tiroide;una neoplasia dell’endometrio;una neoplasia ipertensiogena;una malattia congenita;"una malattia della
paratiroide";C
369;"Il tumore del sacco vitellino del testicolo più
comunemente produce:";gonadotropine corioniche;estrogeni;progestinici;alfa-fetoproteina;"nessuna delle
sostanze sopra";D
370;"NEL MORBO DI ADDISON E' POSSIBILE
RISCONTRARE:";IPERSODIEMIA;IPOPOTASSIEMIA;IPOCALCEMIA;"TUTTI I SINTOMI
SUDDETTI";"NESSUNO DEI
SINTOMI";E
371;"Quale tra i seguenti dati di laboratorio è fortemente sospetto per un carcinoma
epatocellulare:";aumento della fosfatasi alcalina;aumento della bilirubina indiretta;aumento di alfafetoproteina nel siero;"ipoalbuminemia con inversione
del rapporto albumine-";ipergammaglobulinemi a;C
372;"LIVELLI PLASMATICI ELEVATI DI RENINA
SI RISCONTRANO IN:";"IPERALDOSTERONISMO
PRIMARIO";EPATITE ACUTA;CARCINOMA SURRENALICO;"TUTTE LE PRECEDENTI
CONDIZIONI";"NESSUNA DELLE
PRECEDENTI";E
373;"Nell’ittero di tipo ostruttivo non si osserva di
solito:";"diminuzione della
protrombinemia";"aumento precoce della
transaminasi";"aumento della fosfatasi
alcalina";"aumento della bilirubina
diretta";"aumento della
colesterolemia";B
"374
375";IL DEFICIT DI CORTISOLO PUO' CAUSARE:;PALLORE;IPERGLICEMIA;IPERCLOREMIA;"TUTTI I SINTOMI
SUDDETTI";"NESSUNO DEI
SINTOMI";E
;"Il più comune microrganismo riscontrato nella
peritonite di origine primitiva è, soprattutto nel sesso femminile:";pneumococco;bacteroides;escherichia coli;stafilococco;pseudomonas;A
376;"In condizioni fisiologiche la saturazione di
ossigeno nel sangue arterioso è:";55-60%;70-75%;80-85%;92-99%;100-120%;D
Item;Domanda;A;B;C;D;E;OK
377;"IN QUALE DI QUESTE CONDIZIONI I LIVELLI PLASMATICI DI PROLATTINA SONO ELEVATI:
In condizioni fisiologiche la pressione parziale di CO2 nel sangue arterioso è:";"CARCINOMA DELLA MAMMELLA
15-20 mmHg";"IPERTIROIDISMO
25-32 mmHg";"PANIPOPITUITARISMO
35-48 mmHg";"TUTTE LE CONDIZIONI SUDDETTE
52-64 mmHg";"NESSUNA DELLE CONDIZIONI SUDDETTE
75-87 mmHg";"E
C"
378;;;;;;;
379;I CALONI SONO:;SOSTANZE IPERTROFIZZANTI;INIBITORI DELLA MITOSI SPECIE-SPECIFICI;CARCINOGENI;"SOSTANZE CHE
PROMUOVONO LA FAGOCITOSI";"INIBITORI DELLA MITOSI
TESSUTO- SPECIFICI";E
380;"Un processo flogistico può essere sostenuto
da:";agenti fisici;agenti chimici;microorganismi;tutti i precedenti;nessuno dei precedenti;D
381;"LA DEGRANULAZIONE DEL RETICOLO ENDOPLASMATICO E' UN'ALTERAZIONE CHE SI
HA:";NELL'AMIDOIDOSI;NELLA PICNOSI;"NELLA STEATOSI EPATICA DA TETRA-CLORURO DI
CARBONIO";NELLA GLICOGENOSI DI TIPO II;NELL' IPERTIROIDISMO;C
382;ALTERAZIONI DELLA MEMBRANA LISOSOMIALE POSSONO ESSERE DOVUTE A TUTTE LE SEGUENTI CAUSE, TRANNE UNA. INDICATE QUALE:;ANOMALIE STRUITURALI DELLA MEMBRANA STESSA;ESALTATA TENDENZA ALLA FUSIONE;AZIONE DI AGENTI FISIOLOGICI COME LA VITAMINA A;AZIONE DI AGENTI LABILIZZANTI PATOLOGICI COME LE ESOTOSSINE BAT- TERICHE;AZIONE DI AGENTI FISIOLOGICI COME IL CORTISONE;E
383;"Uno dei seguenti tipi di flogosi non può essere
considerata di tipo essudativo:";eritematosa;granulomatosa;sierosa;catarrale;fibrinosa;B
384;UNA SOLA DELLE SEGUENTI CAUSE NON PRODUCE MODIFICAZIONI DELLA MATRICE MITOCONDRIALE E DELLE CRISTAE. INDICATE QUALE:;ACCUMULO DI CATIONI BIVALENTI (ES. DEPOSITO CA E PI);DEPOSITO DI MATERIALI ANORMALI COME LA FERRITINA;DEPOSITO DI MATERIALI DENSI LAMELLARI DA SOMMINISTRAZIONE DI P-DIMETILAMINO AZOBENZENE (DAB);ECCESSO DI SUBSTRATO ED OSSIGENO E DEFICIT DI ADP;"PRESENZA DEL COSIDDETTO ""CORPUS INTRA CRISTAM""";D
385;Un essudato si differenzia da un trasudato per:;aspetto limpido;la presenza di fibrina;la facile diffusione negli spazi interstiziali;la presenza di una globulina che precipita in acido acetico;la presenza di glicerolo solubile;D
386;"Nei processi flogistici determinano
vasodilatazione ed aumento della permeabilità capillare:";bradichinine;prostaglandine;istamina e serotonina;prodotti di degradazione leucocitaria;tutti i precedenti;E
387;UNA DELLE SOSTANZE SOTTOELENCATE NON PROVOCA RIGONFIAMENTO MITOCONDRIALE AGENDO SUI PROCESSI ENERGETICI:;TIROXINA;INSULINA;ATP;2,4-DINITROFENOLO;CA ++;C
388;"TUTTE LE SOTTOELENCATE CAUSE
PRODUCONO IPERPLASIA O IPERTROFIA, TRANNE UNA. INDICATE QUALE:";AUMENTATE RICHIESTE DI LAVORO MECCANICO;AUMENTATA RICHIESTA FUNZIONALE;SQUILIBRIO ORMONALE;"DIMINUITA
CONCENTRAZIONE DI CALONI";"MANCATO APPORTO DI
MATERIALI";E
389;Con il termine di setticemia si intende:;la presenza di focolai infettivi e di germi non solo in circolo ma anche in vari organi e tessuti;la presenza di batteri in circolo in assenza di manifestazioni cliniche;la presenza di un elevato tasso di tossine batteriche in circolo;la presenza di batteri e delle loro tossine in circolo con manifestazioni cliniche;"una flogosi acuta da germi
gram-negativi";D
390;Con il termine di tossiemia si intende:;la presenza di focolai infettivi e di germi non solo in circolo ma anche in vari  organi e tessuti;la presenza di batteri in circolo senza manifestazioni cliniche;la presenza di un elevato tasso di tossine in circolo;la presenza di batteri e delle loro tossine in circolo con manifestazioni  cliniche;"una flogosi acuta da germi
gram-negativi";C
Item;Domanda;A;B;C;D;E;OK
391;INDICATE QUALE DELLE MODIFICAZIONI SOTTOELENCATE NON E' UNA METAPLASIA:;TRASFORMAZIONE DI EPITELI DI RIVESTIMENTO IN EPITELI GHIANDOLARI;TRASFORMAZIONE DI UN CONNETTIVO DIFFERENZIATO IN UN ALTRO TIPO DI CONNETTIVO UGUALMENTE DIFFERENZIATO;TRASFORMAZIONE DI UN EPITELIO DI RIVESTIMENTO IN UN CONNETTIVO MUCOSO;METAPLASIA MUCOSA DEI CONNETTIVI;METAPLASIA-OSSEA;C
392;"Uno dei seguenti microorganismi non è un anaerobio
obbligato:";clostridium tetani;clostridium perfrigens;bacterioides;staphylococcus aureus;nessuno dei precedenti;D
393;SI DEFINISCE COME STRUTTURA PRIMARIA DI UNA PROTEINA:;LA DISPOSIZIONE LINEARE CHE LE CATENE POLIPEPTIDICHE ASSUMONO QUANDO SONO DENATURATE;L'ORDINE DI SUCCESSIONE DEGLI AMINOACIDI NELLA CATENA PEPTIDICA;LA CONFORMAZIONE ELICOIDALE PRESENTE IN ALCUNI TRATTI DELLE CATENE POLIPEPTIDICHE;"LA CONFORMAZIONE DELLA
CATENA PROTEICA DOVUTA ALLA FORMAZIONE DI";UNA SEQUENZA ANCESTRALE DA CUI SONO DERIVATE LE SEQUENZE CHE OSSERVIAMO OGGI;B
394;LE ENDOTOSSINE SONO:;POLISACCARIDI;LIPOPOLISACCARIDI;"LIPOPOLISACCARIDI LEGATI
AD UNA PROTEINA";PROTEINE;LIPOPROTEINE;C
395;Le flogosi suppurative sono più spesso sostenute da uno dei seguenti germi piogeni:;stafilococco aureo;stafilococco epidermidis;streptococco fecale;streptococco viridans;diplococco;A
396;Con il termine di iperplasia si intende:;"l’aumento di volume di un tessuto per incremento
volumetrico degli elementi cellulari costitutivi";la trasformazione di un tessuto in un altro;l’aumento di volume di un tessuto per incremento numerico degli elementi cellulari costitutivi;"una proliferazione cellulare che
presenta caratteri di atipia";"la degenerazione neoplastica
di un tessuto";C
397;"LE ENDOTOSSINE DEI BATTERI GRAM
NEGATIVI SI IDENTIFICANO CON:";L'ANTIGENE CAPSULARE;L'ANTIGENE VI;L'AIITIGGCIF: CILIARE;L'ANTIGENE SOMATICO;"LE ENDOTOSSINE
NON";D
398;Con il termine di ipertrofia si intende:;"l’aumento di volume di un tessuto per incremento
volumetrico degli elementi cellulari costitutivi";la trasformazione di un tessuto in un altro;l’aumento di volume di un tessuto per incremento numerico degli elementi cellulari costitutivi;"una proliferazione cellulare che
presenta caratteri di atipia";"la degenerazione neoplastica
di un tessuto";A
399;"LA NECROSI CELLULARE E' CARATTERIZZATA DA UNA SOLA DELLE
SEGUENTI LESIONI (LESIONE IRREVERSIBILE). INDICATE QUALE:";PICNOSI NUCLEARE;GLICOGENOSI NUCLEARE;RIGONFIAMENTO MITOCONDRIALE A PICCOLA AMPIEZZA;NOTEVOLE AUMENTO DELLA GLICOLISI;"DEGRANULAZIONE DEL
RETICOLO ENDOPLASMATICO";E
400;"LA CAUSA PIU' FREQUENTE DI INSUFFICIENZA CORTICOSURRENALE ACUTA,
SINDROME DI WATHRHOUSE- FRIDERICKSEN E'
:";INFIAMMAZIONE ACUTA;TUBERCOLOSI;CARCINOMA;SETTICEMIE E/O EMORRAGIE;ADENOMI;D
401;Con il termine displasia si intende:;"l’aumento di volume di un tessuto per incremento
volumetrico degli elementi cellulari costitutivi";la trasformazione di un tessuto in un altro;l’aumento di volume di un tessuto per incremento numerico degli elementi cellulari costitutivi;"una proliferazione cellulare che
presenta caratteri di atipia";"la degenerazione neoplastica
di un tessuto";D
402;LA TIREOTOSSICOSI E L'ESOFTALMO NEL MORBO DI FLAIANI BASEDOW SI ACCOMPAGNANO AL GOZZO. LA PATOGENESI DI QUESTA ALTERAZIONE TIROIDEA E' DA RIPORTARSI A:;AUMENTO DELLA CONCENTRAZIONE DI ORMONE TIREOTROPO CIRCOLANTE;AUMENTO DI ORMONI TIROIDEI CIRCOLANTI;PRESENZA DI SOSTANZE TOSSICHE;PRESENZA DI AUTOANTICORPI;"ACCUMULO DI GRASSO
NELLA GHIANDOLA";D
Item;Domanda;A;B;C;D;E;OK
403;"Con il termine di metaplasia si intende:
GLI ORMONI GLICOATTIVI CORTICOSSURRENALICI DETERMINANO L'EFFETTO SUL METABOLISMO GLICIDICO:";"l’aumento di volume di un tessuto per incremento volumetrico degli elementi cellulari costitutivi
AUMENTANDO LA NEOGLUCOGENESI";"la trasformazione di un tessuto in un altro
AUMENTANDO LA DEGRADAZIONE DEL GLICOGENO";"l’aumento di volume di un tessuto per incremento numerico degli elementi cellulari costitutivi
DIMINUENDO LA GLICOGENOSINTESI";"una proliferazione cellulare che presenta caratteri di atipia
DIMINUENDO IL CONSUMO DI GLUCOSIO";"la degenerazione neoplastica di un tessuto
INIBENDO LA SINTESI DI INSULINA";"B
A"
404;;;;;;;
405;"Una delle seguenti caratteristiche è tipica delle
forme neoplastiche:";atipia;autonomia;afinalismo;progressività;tutte le precedenti;E
406;"Le neoplasie benigne non presentano una
delle seguenti caratteristiche:";accrescimento espansivo;"assenza di recidiva post-
operatoria";"assenza di metastasi a
distanza";"presenza di infiltrazione
locale";"assenza di metastasi
linfonodali";D
407;"LE MODIFICAZIONI POST-TRASLAZIONALI DELLE PROTEINE SONO DIVERSE MA TUTTE IMPORTANTI PEr LA FUNZIONE BIOLOGICA; LA TIREOGLOBULINA NELLA SUA MATURAZIONE SUBISCE UNA MODIFICAZIONE CHE NON E' RISCONTRABILE IN NESSUNA ALTRA PROTEINA";GLICOSILAZIONE;METILAZIONE;FOSFORILAZIONE;IODINAZIONE;SIALILAZIONE;E
408;"UN FENOMENO GENERALE DELLA
BIOLOGIA CELLULARE E' L'ENDOCITOSI: QUALE TRA LE FORME SOTTO ELENCATE NON E' MEDIATA DA RECETTORI:";MICROPINOCITOSI;PINOCITOSI;PINOCITOSI FLUIDA;PINOCITOSI SELETTIVA;ENDOCITOSI RECETTOSOMA DIPENDENTE;B
409;La cellula neoplastica maligna presenta le seguenti caratteristiche:;polimorfismo nucleare con ipertrofia e iperplasia nucleolare;polimorfismo e polidimensionalità cellulare;rapporto nucleo/citoplasma a favore del primo;"irregolarità distributiva della
cromatina del nucleo con poliploidia";tutte le precedenti;E
410;"QUALE ORMONE, TRA QUELLI INDICATI, E'
UNA PROTEINA SEMPLICE:";SOMATOTROPO;TIREOTROPO;FOLLICOLO STIMOLANTE;LUTEINIZZANTE;"GONADOTROPINA
CORIONICA";A
411;"La metastatizzazione di un tumore si realizza
più frequentemente per via:";per innesto;per via ematica;per via linfatica;dipende dal tipo di tumore;per contiguità;D
412;"IL 17-IDROSSI PROGESTERONE E' UN
PRECURSORE DELL'ORMONE:";ALDOSTERONE;CURTISOLO;PROGESTERONE;"DEIDRO
EPIANDROSTENEDIONE";"DESOSSICORTICOST
ERONE";B
413;Per quale tipo di neoplasia i derivati del benzolo sono considerati carcinogeni chimici:;leucemie e linfomi;tumori cutanei;tumori del tratto urinario;tumori del colon retto;tumori della mammella;A
414;"IL ""PEPTIDE VASOATTIVO INTESTINALE”=
(VIP) HA UN EFFETTO STIMOLANTE (RELEASING FACTOR) LA SINTESI B LA ESCREZIONE DELL'ORMONE:";FOLLICOLOSTIMOLANTE;LUTEINIZZANTE;TIREOTROPO;PROLATTINA;CORTICOTROPO;D
415;I carcinogeni fisici più temibili sono:;raggi ultravioletti;raggi infrarossi;radiazioni ionizzanti;energia termica;energia elettrica;C
Item;Domanda;A;B;C;D;E;OK
416;"L'ORMONE CORTICOTROPO E' UNA PROTEINA DI 39 AMINOACIDI (AA); L' ATTIVITA' BIOLOGICA DI QUESTA PROTEINA E' LEGATA ALLA PRESENZA DI UNA SPECIFICA SEQUENZA AMINOACIDICA CHE RICONOSCE E SI LEGA AL RECETTORE SULLA CORTICALE DEL SURRENE; QUALE TRA QUESTE SOTTOINDICATE E' LA SEQUENZA SPECIFICA:";AA 1  -  AA 14;AA 15  -  AA 20;AA 16  -  AA 19;AA 20  -  A 33;AA 34  -  AA 39;A
417;Nel topo certi tumori mammari possono essere indotti con virus riscontrabili in alcuni tumori mammari umani. Questi virus sono:;Polioma virus;RNA virus;DNA virus;Herpes virus;EB virus;B
418;"Per quale neoplasia è provata una
trasmissione ereditaria di tipo dominante:";retinoblastoma;lipomatosi multipla;poliposi del colon;tutte le precedenti;"nessuna delle
precedenti";D
419;"GLI ORMONI TIROIDEI IN CIRCOLO SONO PRESENTI SOTTO UNA FORMA LIBERA E LEGATA A PROTEINE PLASMATICHE; A QUALE DI QUESTE PROTEINE SONO LEGATI GLI ORMONI TIROIDEI IN CIRCOLO:";TRANSFERRINA;TIREOGLOBULINA;GAMMAGLOBULINE;PRE-ALBUMINA;FETUINA;D
420;"Possono influire sull’insorgenza di una
neoplasia:";abitudini alimentari;fattori etnici;fattori climatici;"esposizione professionale ad
agenti mutageni";tutte le precedenti;E
421;IL PRECURSORE DELL'ANGIOTENSINA E':;LA RENINA;L'ENZIMA CONVERTENTE;LA CALLICREINA;L' ANGIOTENSINOGENO;IL;D
422;"Da un punto di vista etiologico i tumori
possono essere ricollegati a :";fattori ereditari e genetici;virus;agenti chimici;fattori immunologici;etiologia multifattoriale;E
423;NELL'IPERCOLESTEROLEMIA ESSENZIALE SI OSSERVA GENERALMENTE:;IPERGLICEMIA;URICEMIA DIMINUITA;IPERPOTASSIEMIA;ALTA INCIDENZA DI CORONAROPATIE;LIPURIA;D
424;"IL FAVISMO E' UN'ANEMIA EMOLITICA
DOVUTA A CARENZA DI:";"GLUCOSIO-6-FOSFATO
DEIDROGENASI";PIRUVATO CHINASI;"TRIOSO-FOSFATO-
ISOMERASI";"GLUCOSIO-6-FOSFATO
ISOMERASI";"GLICERALSEIDE-3-
FOSFATO";A
425;Con il termine di cellula neoplastica clonogenica si intende:;una cellula capace di formare una progenie di cellule neoplastiche;una cellula capace di dare metastasi se messa in circolo;una o più cellule capaci di dare origine, nell’ambito della  stessa neoplasia, a più stipiti di cellule neoplastiche;tutte le precedenti;nessuna delle precedenti;D
426;"La capacità mitotica delle cellule di una massa
neoplastica è:";"massima nelle fasi iniziali di
crescita";"massima nelle fasi avanzate di
crescita";"minima nelle fasi iniziali di
crescita";"segue dei criteri di crescita
aritmetica";"non è in alcun modo
prevedibile";A
427;"IPERPROTIDEMIA SI PUO' RILEVARE IN
UNA DI QUESTE CONDIZIONI:";USTIONI ESTESE;CIRROSI EPATICA;SINDROME NEFROSICA;PLASMACITOMA;TIREOTOSSICOSI;D
428;"NELLA PRODUZIONE DELL'EDEMA QUALE DI QUESTE CONDIZIONI PATOLOGICHE E'
IMPORTANTE:";ALTERAZIONE DEL SISTEMA RENINA-ANGIOTENSINA;IPOCALCEMIA;"ALTERAZIONE DEL FATTORE XII DI HAGEMAN
DELLA COAGULAZIONE";AUMENTATA SINTESI DI LIPOPROTEINE;"IPERGAMMAGLOBUL INEMIA
MONOCLONALE";A
Item;Domanda;A;B;C;D;E;OK
429;"Con il termine di raddoppiamento di una neoplasia si intende:
La pepsina secreta dalle ghiandole gastriche svolge la seguente funzione:";"il tempo impiegato da un tumore per raddoppiare il suo volume
iniziale idrolisi proteica";"il tempo impiegato da un tumore per raddoppiare il numero delle cellule clonogeniche
emulsione dei lipidi";"il tempo impiegato da un tumore per raddoppiare la sua popolazione cellulare
lisi enzimatica dei disaccaridi";"il tempo impiegato da un tumore per raddoppiare la sua vascolarizzazione
completa scissione delle proteine";"il tempo impiegato da un tumore per raddoppiare il suo patrimonio di DNA
lisi enzimatica dei legami H";"A
A"
430;;;;;;;
431;UN TRASUDATO SI DISTINGUE DA UN ESSUDATO PER:;MAGGIOR CONTENUTO IN BRADICHININA;MINOR CONTENUTO IN PROTEINE;AUMENTO DELLA CONCENTRAZIONE DI ISTAMINA;MAGGIORE ATTIVITA' CHEMIOTATTICA;MAGGIOR CONTENUTO DI MUCOPOLI SACCARIDI;B
"432
433";"La risposta immunitaria alle neoplasie si attua
soprattutto con meccanismi:";cellulari;umorali;biochimici;"non si ha risposta
immunitaria";"non si hanno
conoscenze a";A
;I natural killer, maggiori responsabili della distruzione delle cellule neoplastiche, sono:;neutrofili;linfociti;macrofagi;monociti;eosinofili;B
434;"PER QUALE DI QUESTE MALATTIE E' STATA RISCONTRATA UNA CHIARA
ASSOCIAZIONE CON ANTIGENI DEL SISTEMA HLA:";SPRUE TROPICALE;MORBO CELIACO;MORBO DI WILSON;CIRROSI EPATICA;MORBO DI WHIPPLE;B
435;"LO SVILUPPO E LA FUNZIONE DELLE
CELLULE DI LEYDIG E' REGOLATO DA:";GONADOTROPINA FSH;PROLATTINA;GONADOTROPINA LH;SOMATOTROPO;ACTH;C
436;Con il termine di “enhancement” immunologica di una neoplasia si intende:;"la facilitazione dell’espansione
di un tumore ad opera di anticorpi anti TSTA";la facilitazione da parte di alcuni anticorpi all’azione destruente dei linfociti K;la facilitazione da parte dei macrofagi a far riconoscere i siti antigenici ai linfociti T;"la facilitazione dei linfociti B a
produrre anticorpi anti TSTA";tutte le precedenti;A
437;LA SINDROME DI KLINERFELTER E' UN:;IPOGONADISMO PRIMITIVO;"IPOGONADISMO
SECONDARIO";SINDROME DA OSTRUZIONE;IPOSURRENALISMO;"SINDROME DA
CARENZA DI";A
438;Con il termine di papilloma si intende:;un tumore benigno che prende origine dal tessuto connettivo;un tumore connettivale che prende origine da cellule adipose mature;un tumore che prende origine dalle strutture epitelio ghiandolari;un tumore connettivale benigno che ripete la struttura del tessuto mucoso embrionale;"un tumore benigno che deriva
dagli epiteli di rivestimento sia della";E
439;LA VITAMINA A E' ESSENZIALE NELLA:;"GLICOSILAZIONE DI
ALCUNE PROTEINE";"DEGRADAZIONE DEL
GLUCOSIO";"SINTESI DEGLI ACIDI
GRASSI";"ATTIVITA' DELLA POMPA
DEL SODIO";"TRASPORTO DEGLI
AMINOACIDI";A
440;Quale delle seguenti condizioni morbose ha dimostrato di avere un reale aumento di incidenza nei bambini nati da madri esposte a raggi X durante la gravidanza?;anencefalia;leucemia;bassa intelligenza;malformazioni dell’apparato urinario;tutte le condizioni citate;B
441;IL MECCANISMO D'AZIONE DELLA VITAMINA K A LIVELLO DEI FATTORI DELLA COAGULAZIONE VITAMINA K- DIPENDENTE CONSISTE IN:;IDROSSILAZIONE DELLA FENILALANINA;METILAZIONE;ADP-RIBOSILAZIONE;GAMMA-CARBOSSILAZIONE DELL'ACIDO GLUTAMMINICO;ACETILAZIONE;D
442;"Quali dei seguenti tipi di immunoglobuline
attraversa facilmente la placenta?";Ig A;Ig M;Ig G;Ig D;Ig E;C
Item;Domanda;A;B;C;D;E;OK
443;"LA CORTECCIA SURRENALE PRODUCE:
La fenilchetonuria è un disordine metabolico nel quale:";"ALDOSTERONE NELLA ZONA RETICOLARE
i melanociti non possono formare melanina";"STEROIDI ANDROGENI NELLA ZONA GLOMERULARE
la fenilalanina non può essere convertita in tirosina";"ANGIOSTENSINA NELLA ZONA GLOMERULARE
l’istidina non può essere convertita in acido urocanico";"CORTISOLO NELLA ZONA FASCICOLATA
la valina non può essere deaminata";"NESSUNA DELLE PRECEDENTI
l’acetil CoA non può essere metabolizzato";"D
B"
444;;;;;;;
445;"LA SINDROME DI KLINEFELTER E'
CARATTERIZZATA DA:";CARIOGRAMMA ANORMALE;AGENESIA DEI DEFERENTI;CARDIOPATIA CONGENITA;"ALTERAZIONI DELLE
GONADOTROPINE";"ALTERAZIONI DEL
TESTOSTERONE";A
446;Un tipo più comune di aneuploidia è:;monosomia;diploidia;trisomia;poliploidia;tetraploidia;C
447;"Quale delle seguenti aberrazioni strutturali
cromosomiche non è di solito associata con un’anormalità del fenotipo?";delezione;traslocazione;traslocazione reciproca;cromosoma ad anello;"traslocazione
robertsoniana o fusione centrica";C
448;"QUALE FATTORE REGOLA L'INCREZIONE
DEL PARATORMONE:";FOSFATURIA;CALCIURIA;MAGNESIEMIA;CALCEMIA;FOSFOREMIA;D
449;"Qual è l’enzima selettivamente impegnato
nella digestione del lattosio?";amilasi;lipasi pancreatica;fosforilasi;tripsina;lattasi;E
450;"I RECETTORI DEGLI ORMONI
GLICOPROTEICI, PRESENTI SULLE MEMBRANE CELLULARI DEGLI ORGANI BERSAGLIO, SONO STRUTTURE COMPLESSE FORMATE DA PIU' DI UN COMPONENTE LA MEMBRANA CELLULARE: TRA LE SOSTANZE SOTTOELENCATE QUALE ENTRA A FAR PARTE DEI RECETTORI:";GLICOGENO;COLESTEROLO;GANGLIOSIDI;MUCOPOLISACCARIDI;COLLAGENO;C
451;"IN UN FRAMMENTO DI DNA E'
CONTENUTO UN GENE BATTERICO COMPLETO DI SEGNALI DI INIZIO E TERMINE DELLA TRASCRIZIONE. VOLENDO TRASCRIVERLO IN VITRO PER ANALIZZARE IL MESSAGGERO, QUALE DELLE SEGUENTI MISCELE, CONTENENTI NUCLEOTIDI RADIOATTIVI, VI PARE LA PIU' ADATTA?";DNA STAMPO, APOENZIMA DELLA RNA POLIMERASI, NTP-GAMMA-P 32 ';DNA STAMPO, OLOENZIMA DELLA RNA POLIMERASI, NTP-GAMMA-P 32 ';DNA STAMPO, APOENZIMA DELLA RNA POLIMERASI, NTP-ALFA-P 32;"DNA STAMPO, OLOENZIMA
DELLA RNA POLIMERASI , NTP-ALFA-P 32";"DNA STAMPO, OLOENZIMA DELLA FINA POLIMERASI, NTP-ALFA-P 32, UN DO
NATORE DI ENERGIA COME L’ATP";D
452;Quale delle seguenti affermazioni riguardanti la varicella è vera?;le croste sono infette;il virus della varicella è lo stesso agente patogeno dell’herpes zoster;le lesioni sono facilmente distinguibili da quelle dell’herpes simplex;il vaccino specifico è indicato per un uso di routine nei bambini in età scolare;il periodo di incubazione è di 1-3 giorni;B
453;"INDICARE QUALE, FRA GLI ELEMENTI GENETICI ELENCATI NON PUO' ESSERE
DEFINITO UN REPLICONE.";FATTORI DI CONIUGAZIONE;BATTERIOFAGI;TRASPOSONI;PLASMIDI RICOMBINATI;CROMOSOMA BATTERICO;C
454;Tutte le seguenti affermazioni riguardanti la sindrome di Down sono corrette eccetto:;"la prognosi quo ad vitam è sfavorevole, la maggior parte dei pazienti muore  tra i 20 e i
25 anni";i maschi sono generalmente sterili mentre le femmine sono fertili;il valore del Q.I. è di circa 50;nei soggetti affetti dalla sindrome di Down c’è una maggiore incidenza di leucemia;"i soggetti malati hanno facies
particolare che ha dato il nome di mongolismo";A
Item;Domanda;A;B;C;D;E;OK
455;"Qual è il tipo di trasmissione ereditaria nei casi di
acondroplasia?";autosomica recessiva;autosomica dominante;"recessiva legata al cromosoma
X";"dominante legata al
cromosoma X";multifattoriale;B
456;VIENE SCOPERTO UN OPERONE BIOSINTETICO CHE PRODUCE UN NUOVO AMINOACIDO REGOLATO DA UN GENE CHE CODIFICA PER UNA PROTEINA. LE MUTAZIONI DEL GENE REGOLATORE DANNO ORIGINE A MUTANTI AUXOTROFI PER L'AMINOACIDO. SE NE DEDUCE CHE IL TIPO DI CONTROLLO E':;METABOLICO;NEGATIVO;POSITIVO;TRADUZIONALE;POST TRADUZIONALE;C
457;"La forma più frequente di iperplasia congenita
cortico-surrenalica è il deficit di:";3 < deidrogenasi;11 < idrossilasi;17 idrossilasi;21 < idrossilasi;aldosterone;D
458;"QUALE PERCENTUALE DELLE PROTEINE MITOCONDRIALI E' CODIFICATA DAL GENOMA
MITOCONDRIALE?";l00% CIRCA;80% CIRCA;50% CIRCA;10% CIRCA;0% CIRCA;D
459;LA 35 S-METIONINA, IL 3 H-MANNOSIO, LA 14 C-PROLINA, LA 3 H-TIMIDINA E LA 3 H-URIDINA SONO MOLECOLE CHE POSSONO ESSERE CONVENIENTEMENTE USATE PER MARCARE, RISPETTIVAMENTE:;"PROTEINE,
GLICOPROTEINE, COLLAGENE, DNA, RNA";GLICOPROTEINE, COLLAGENE, PROTEINE, RNA, DNA;PROTEINE, GLICOPROTEINE, RNA, DNA, COLLAGENE;PROTEINE, RNA, COLLAGENE, DNA, GLICOPROTEINE;DNA, GLICOPROTEINE, PROTEINE, RNA, COLLAGENE;A
460;Ciascuna delle seguenti affermazioni riguardanti le malattie trasmesse con carattere recessivo al cromosoma X è vera ad eccezione di:;soltanto i maschi sono malati;i figli malati devono avere il padre malato;soltanto le figlie sono portatrici;non tutte le figlie di madri portatrici saranno portatrici;"i figli malati devono avere un
nonno malato";B
461;Il calcio del siero:;diventa meno ionizzato quando il pH del sangue si riduce;"influenza la secrezione del
paratormone attraverso un’azione sull’ipotalamo";è quasi tutto legato alle proteine plasmatiche;è quasi tutto ionizzato;"è
approssimativamente ionizzato al 50%";E
462;"QUALE DELLE SEGUENTI NON E' UNA
MUTAZIONE CROMOSOMICA:";INVERSIONE;SHIFT;DELEZIONE;TRANSIZIONE;FUSIONE;D
463;La bilirubina:;è un pigmento porfirinico derivante dall’eme;si trova nel plasma solo in forma libera;contiene ferro;"è necessaria per la digestione
e l’assorbimento dei lipidi";"tutte le citate affermazioni sono
errate";A
464;"PER ""POLIMORFISMO BILANCIATO"" SI INTENDE:";LA COSTANZA DELLE FREQUENZE GENICHE DA GENERAZIONE A GENERAZIONE;LA PRESENZA DI FORME ALLERGICHE MULTIPLE DI UN GENE, AVENTI TUTTE LA STESSA FREQUENZA;UNA CONDIZIONE DI POLIMORFISMO MANTENUTA ATTRAVERSO UN VANTAGGIO SELETTIVO PER L'ETEROZIGOTE;LA PRESENZA DI CROMOSOMI ANOMALI DERIVATI DA UNA TRASLOCAZIONE RECIPROCA BILANCIATA;LA PRESENZA DI CARATTERI POLIGENICI, IN CUI CIASCUN GENE CONTRIBUISCE AL CARATTERE IN;C
465;L’herpes zoster di solito:;provoca un’encefalite;segue la distribuzione dei nervi;provoca una malattia mortale;non infetta l’uomo;"provoca un’infezione
non";B
466;"QUALE DELLE SEGUENTI NON E'
UN'ANOMALIA CROMOSOMICA:";SINDROME DI EDWARDS;SINDROME DI PATAN;SINDROME DI DOWN;"SINDROME DEL ""PIANTO
DI";"SINDROME DI
SIOGREN";E
467;La toxoplasmosi provoca:;disturbi gravi nell’adulto;lesioni muscolari;un’encefalite nel neonato;anomalie genitali;cicatrici cutanee;C
Item;Domanda;A;B;C;D;E;OK
468;"LA COSIDDETTA ""LEGGE DELLA OMOGENEITA' DEL FENOTIPO DI PRIMA GENERAZIONE"" CORRISPONDE ALLA:
QUAL E' LA FASE FINALE DELL’INFIAMMAZIONE ACUTA SECONDO LA SEQUENZA DESCRITTA DA ROBBINS:";"LEGGE DI MAIDY- WEINBERG
DIAPEDESI DEI LEUCITI";"1 LEGGE DI MENDEL
AUMENTO DELLA PERMEABILITA' CAPILLARE E VENULARE";"2 LEGGE DI MENDEL
CONCENTRAZIONE EMATICA";"3 LEGGE DI MENDEL
STASI EMATICA";"NESSUNA DELLE PRECEDENTI
VASODILATAZIONE CAPILLARE-";"B
A"
469;;;;;;;
470;La reazione alla tubercolina (di tipo ritardato):;compare entro 1-2 ore;richiede una popolazione intatta di T-linfociti;presenta infiltrati granulocitari del derma;è osservata solo con piccole molecole di antigene;"non richiede una
precedente esposizione";B
471;QUALE DEFICIT IMMUNOLOGICO SI ACCOMPAGNA A MALFORMAZIONI FACCIALI:;DISGENIA RETICOLARE;SINDROME DI WISCOTT-ALDRICH;AGAMMAGLOBULINEMIA DI TIPO SVIZZERO;SINDROME DI GEORGE;MORBO DI BRUTON;D
472;Il liquido cefalo-rachidiano:;"è secreto attivamente dai
plessi corioidei";"è la maggiore sorgente di
nutrizione del cervello";"ha lo stesso pH del sangue
arterioso";è privo di glucosio;non contiene proteine;A
473;"Il cromosoma Philadelphia Ph1 si può trovare
in:";leucemia linfatica cronica;leucemia linfatica acuta;leucemia mielocitica cronica;leucemia mielocitica acuta;eritroleucemia;C
474;"QUALE FRA Z SEGUENTI AGENTI  PATOGENI PUO' SFUGGIRE ALLE RISPOSTE
IMMUNITARIE MEDIANTE IL FENOMENO DELLA ""MIMETIZZAZIONE ANTIGENICA”:";TRIPNOSOMA;PLASMODIO DELLA MALARIA;SCHISTOSOMA;TOXOPLASMA;VIRUS DELL'INFLUENZA;C
475;SI DEFINISCE TRADUZIONE:;IL PROCESSO DI TRASPORTO ATTIVO DELLE SOSTANZE ATTRAVERSO LA MEMBRANA;LA REPLICAZIONE SEMICONSERVATIVA DEL DNA;IL TRASPORTO DEGLI AMINOACIDI DA PARTE DEL TRNA;IL PASSAGGIO DAL LINGUAGGIO DEL DNA AL LINGUAGGIO DELL’RNA;FORMAZIONE DI UN POLIPEPTIDE A PARTIRE DA MRNA;E
"476
477";Quando una malattia è ereditaria come carattere autosomico recessivo:;uno dei genitori avrà sempre la malattia;tutti i figli del paziente manifestano la malattia;ambedue i genitori del paziente portano il carattere recessivo;i fratelli o sorelle del paziente hanno il 50% delle probabilità di ereditare la malattia, se i genitori sono entrambi eterozigoti (portatori sani);la malattia è più frequente nei maschi;C
;Quando una malattia viene ereditata come carattere autosomico dominante:;di solito è tanto grave da impedire la riproduzione;maschi e femmine sono ugualmente colpiti;tutti i figli della persona affetta devono manifestarla;"uno dei genitori del paziente deve essere portatore senza
essere malato";"di regola avviene la morte
durante il periodo";B
478;QUALE DEI SEGUENTI MARKERS DEI TUMORI EPITELIALI DELL'OVAIO E' PIU' FREQUENTEMENTE ASSOCIATO AL CISTOADENOCARCINOMA SIEROSO?;IL CEA;IL CA-125;IL CA-19,9;IL CA-50;L'ISOENZIMA DI REGAN;B
479;"QUALE TRA LE SEGUENTI TECNICHE NON
PUO' ESSERE UTILIZZATA PER LO STUDIO DI CELLULE VIVE?";MICROSCOPIA ELETTRONICA;MICROSCOPIA IN FLUORESCENZA;MICROSCOPIA IN CONTRASTO DI FASE;MICROSCOPIA IN CAMPO OSCURO;CITOFLUOROGRAFIA;A
480;"La bilirubina è legata dalle seguenti proteine
seriche:";aptoglobina;alfa globulina;gamma globulina;albumina;tutte le citate;D
